-- Database Manager 4.2.5 dump

SET NAMES utf8;
SET time_zone = '+00:00';
SET foreign_key_checks = 0;
SET sql_mode = 'NO_AUTO_VALUE_ON_ZERO';

DROP TABLE IF EXISTS `ng_document_search_keys`;
CREATE TABLE `ng_document_search_keys` (
  `id` int(11) NOT NULL AUTO_INCREMENT,
  `date_created` timestamp NOT NULL DEFAULT CURRENT_TIMESTAMP ON UPDATE CURRENT_TIMESTAMP,
  `created_by` int(11) NOT NULL,
  `kid` int(11) NOT NULL,
  `search_keys` varchar(100) COLLATE utf8_unicode_ci NOT NULL,
  `del` int(2) NOT NULL,
  PRIMARY KEY (`id`)
) ENGINE=MyISAM DEFAULT CHARSET=utf8 COLLATE=utf8_unicode_ci;


DROP TABLE IF EXISTS `ng_doc_category`;
CREATE TABLE `ng_doc_category` (
  `id` int(11) NOT NULL AUTO_INCREMENT,
  `date_created` timestamp NOT NULL DEFAULT CURRENT_TIMESTAMP ON UPDATE CURRENT_TIMESTAMP,
  `created_by` varchar(20) COLLATE utf8_unicode_ci NOT NULL,
  `category_name` varchar(100) COLLATE utf8_unicode_ci NOT NULL,
  `cat_parent` int(11) NOT NULL DEFAULT '0',
  `del` tinyint(1) NOT NULL DEFAULT '0',
  PRIMARY KEY (`id`)
) ENGINE=MyISAM DEFAULT CHARSET=utf8 COLLATE=utf8_unicode_ci;

INSERT INTO `ng_doc_category` (`id`, `date_created`, `created_by`, `category_name`, `cat_parent`, `del`) VALUES
(1,	'2019-07-04 08:32:32',	'1',	'Direct Tax',	0,	1),
(2,	'2019-07-09 20:48:14',	'1',	'Lower/Nil tax withholding certificate ',	0,	0),
(3,	'2019-07-09 22:32:21',	'1',	'Digital Signature Certificate',	0,	0),
(4,	'2019-07-09 22:35:41',	'1',	'PAN ',	0,	0),
(5,	'2019-07-09 22:42:59',	'1',	'TAN',	0,	0),
(6,	'2019-07-11 06:02:07',	'1',	'Client Credentials',	0,	0),
(7,	'2019-07-10 23:02:24',	'1',	'Tax Advisory',	0,	0),
(8,	'2019-07-10 23:16:41',	'1',	'Budget Impact 2019',	0,	0),
(9,	'2019-07-16 22:28:16',	'1',	'Knowledge Base Portal Access',	0,	0);

DROP TABLE IF EXISTS `ng_knowledge_base`;
CREATE TABLE `ng_knowledge_base` (
  `id` int(11) NOT NULL AUTO_INCREMENT,
  `date_created` datetime NOT NULL,
  `created_by` int(5) NOT NULL,
  `category_id` int(11) NOT NULL,
  `category_id_2` int(11) NOT NULL,
  `category_id_3` int(11) NOT NULL,
  `category_id_4` int(11) NOT NULL,
  `subject` text NOT NULL,
  `desc` text NOT NULL,
  `total_downloads` int(11) NOT NULL,
  `total_files` int(11) NOT NULL,
  `del` int(2) NOT NULL,
  `search_keys` text NOT NULL,
  `status` int(1) NOT NULL,
  `reApprovedRequest` int(1) NOT NULL,
  PRIMARY KEY (`id`)
) ENGINE=InnoDB DEFAULT CHARSET=latin1;

INSERT INTO `ng_knowledge_base` (`id`, `date_created`, `created_by`, `category_id`, `category_id_2`, `category_id_3`, `category_id_4`, `subject`, `desc`, `total_downloads`, `total_files`, `del`, `search_keys`, `status`, `reApprovedRequest`) VALUES
(1,	'2019-07-10 14:19:52',	171,	2,	0,	0,	0,	'Tax Compliance in India',	'Checklist for lower/nil withholding tax certificate (with DTAA benefits)',	1,	1,	0,	'order, WHT, certificate, checklist, application, withholding, 197, 195(2), 195',	0,	0),
(2,	'2019-07-10 14:22:56',	171,	2,	0,	0,	0,	'Tax Compliance in India',	'Checklist for lower/nil withholding tax certificate (without DTAA benefits)',	3,	1,	0,	'order, application, 197, 195, 195(2), certificate, WHT, checklist',	0,	0),
(3,	'2019-07-10 16:04:02',	171,	3,	0,	0,	0,	'Tax Compliance in India',	'Checklist for Digital Signature Certificate',	1,	1,	0,	'DSC, checklist, digital, signature, certificate, authorization, signatory ',	0,	0),
(4,	'2019-07-10 16:08:10',	171,	4,	0,	0,	0,	'Tax Compliance in India',	'Checklist for applying PAN card in India',	1,	1,	0,	'checklist, PAN, permanent, account, number, card, pancard, applying',	0,	0),
(5,	'2019-07-10 16:14:39',	171,	5,	0,	0,	0,	'Tax Compliance in India',	'Checklist for applying TAN card in India',	3,	1,	0,	'TAN, checklist, taxdeductionaccountnumber, card, tax, deduction',	0,	0),
(11,	'2019-07-11 16:33:06',	106,	7,	0,	0,	0,	'Profit Linked and investment linked Tax incentives for Manufacturing Sector',	'Matric of Profit Linked and investment linked Tax incentives for Manufacturing Sector in India an on July 10, 2019',	0,	1,	0,	'',	1,	1),
(12,	'2019-07-11 16:47:31',	106,	8,	0,	0,	0,	'Revised effective capital gain tax rates on sale of securities',	'Revised effective capital gain tax rates on sale of securities',	3,	1,	0,	'',	0,	0),
(18,	'2019-07-17 16:01:31',	108,	9,	0,	0,	0,	'Usage Document',	'',	0,	1,	0,	'knowledge, base, portal, access',	1,	1);

DROP TABLE IF EXISTS `ng_knowledge_base_downld_history`;
CREATE TABLE `ng_knowledge_base_downld_history` (
  `id` int(11) NOT NULL AUTO_INCREMENT,
  `date_created` datetime NOT NULL,
  `kid` int(11) NOT NULL,
  `user_id` int(11) NOT NULL,
  PRIMARY KEY (`id`)
) ENGINE=InnoDB DEFAULT CHARSET=latin1;

INSERT INTO `ng_knowledge_base_downld_history` (`id`, `date_created`, `kid`, `user_id`) VALUES
(2,	'2019-07-12 18:31:05',	12,	1),
(3,	'2019-07-12 18:31:46',	12,	108),
(4,	'2019-07-15 11:08:06',	5,	2),
(5,	'2019-07-15 15:20:05',	2,	139),
(6,	'2019-07-15 15:21:38',	2,	139),
(7,	'2019-07-15 15:22:06',	5,	139),
(8,	'2019-07-15 15:22:22',	4,	139),
(9,	'2019-07-15 15:22:33',	3,	139),
(10,	'2019-07-15 15:22:45',	2,	139),
(11,	'2019-07-15 15:22:58',	1,	139),
(14,	'2019-07-18 17:39:48',	5,	200);

DROP TABLE IF EXISTS `ng_knowledge_base_image`;
CREATE TABLE `ng_knowledge_base_image` (
  `id` int(11) NOT NULL AUTO_INCREMENT,
  `kid` int(11) NOT NULL,
  `files` varchar(200) COLLATE utf8_unicode_ci NOT NULL,
  `doc_name` text COLLATE utf8_unicode_ci NOT NULL,
  `date_created` timestamp NOT NULL DEFAULT CURRENT_TIMESTAMP ON UPDATE CURRENT_TIMESTAMP,
  `files_size` varchar(100) COLLATE utf8_unicode_ci NOT NULL,
  `total_downloads` int(10) NOT NULL,
  `files_type` varchar(100) COLLATE utf8_unicode_ci NOT NULL,
  PRIMARY KEY (`id`)
) ENGINE=MyISAM DEFAULT CHARSET=utf8 COLLATE=utf8_unicode_ci;

INSERT INTO `ng_knowledge_base_image` (`id`, `kid`, `files`, `doc_name`, `date_created`, `files_size`, `total_downloads`, `files_type`) VALUES
(1,	1,	'5d25a6b1c6deb.docx',	'checklist_WHT_DTAA benefits.docx',	'2019-07-15 09:52:58',	'0',	1,	''),
(2,	2,	'5d25a7697cc1b.docx',	'checklist_WHT_No DTAA benefits.docx',	'2019-07-15 09:52:45',	'0',	3,	''),
(3,	3,	'5d25bf1f4b696.docx',	'DSC-Checklist.docx',	'2019-07-15 09:52:33',	'0',	1,	''),
(4,	4,	'5d25c013320c0.docx',	'PAN Checklist.docx',	'2019-07-15 09:52:22',	'0',	1,	''),
(5,	5,	'5d25c19809197.docx',	'TAN Checklist.docx',	'2019-07-18 12:09:48',	'0',	3,	''),
(25,	22,	'5d3160a9cb147.doc',	'5d270c3acd526.doc',	'2019-07-19 06:18:17',	'0',	0,	''),
(23,	20,	'5d315b8d176ac.csv',	'5ce82f408b689.csv',	'2019-07-19 05:56:29',	'0',	0,	''),
(24,	21,	'5d316014d3e47.pptx',	'5d2eb7b6c60af.pptx',	'2019-07-19 06:15:48',	'0',	0,	''),
(22,	19,	'5d3021509b113.csv',	'5ce82f408b689.csv',	'2019-07-18 07:35:44',	'0',	0,	''),
(21,	0,	'5d2f0292dc975.csv',	'5ce82f408b689.csv',	'2019-07-17 11:12:18',	'0',	0,	''),
(20,	0,	'5d2f024a8b74b.csv',	'5ce82f408b689.csv',	'2019-07-17 11:11:06',	'0',	0,	''),
(19,	0,	'5d2f01975e016.csv',	'5ce82f408b689.csv',	'2019-07-17 11:08:07',	'0',	0,	''),
(18,	18,	'5d2ef903bacc8.png',	'Screen Shot 2019-07-17 at 3.59.57 PM.png',	'2019-07-17 10:31:31',	'0',	0,	'');

DROP TABLE IF EXISTS `ng_news_room`;
CREATE TABLE `ng_news_room` (
  `id` int(11) NOT NULL AUTO_INCREMENT,
  `date_created` datetime NOT NULL,
  `created_by` int(5) NOT NULL,
  `subject` text NOT NULL,
  `total_files` int(10) NOT NULL,
  `desc` text NOT NULL,
  `profile_img` text NOT NULL,
  `status` int(1) NOT NULL,
  `del` int(1) NOT NULL,
  PRIMARY KEY (`id`)
) ENGINE=InnoDB DEFAULT CHARSET=latin1;

INSERT INTO `ng_news_room` (`id`, `date_created`, `created_by`, `subject`, `total_files`, `desc`, `profile_img`, `status`, `del`) VALUES
(4,	'2019-05-07 23:05:05',	1,	'Google’s ‘building a helpful Google',	1,	'Google’s ‘building a helpful Google for everyone’ theme for I/0 2019 could misfire',	'5cd1c1ca10176.jpg',	0,	0),
(5,	'2019-05-07 23:07:08',	1,	'Cognizant: Mighty growth engine comes to near halt',	1,	'Two things happened around 2016 that might provide a clue to this collapse.',	'5cd1c2450a9cb.jpg',	0,	0),
(6,	'2019-05-07 23:08:11',	1,	'How Apple plans to make iPhone users ‘dump’ WhatsApp',	1,	'For years WhatsApp has ruled the instant messaging game — both on Android and iPhone — as there hasn’t been any viable alternative',	'5cd1c2836a683.jpg',	0,	0),
(7,	'2019-05-07 23:09:12',	1,	'Apple to change antenna structure in 2019 iPhones',	1,	'The 2019 line-up of iPhones is expected to come with a changed antenna structure, according to famed Apple analyst Ming-Chi Kuo.',	'5cd1c2c0cd32b.jpg',	0,	0),
(8,	'2019-07-08 14:43:49',	1,	'sda',	1,	'sad',	'5d23094e07d35.png',	1,	1),
(9,	'2019-07-08 14:44:16',	1,	'esdas',	1,	'',	'5d2309690edc2.png',	1,	1),
(10,	'2019-07-08 14:47:48',	1,	'saea',	1,	'',	'5d230a3d6ec71.png',	0,	1),
(11,	'2019-07-08 14:53:06',	1,	'Test',	0,	'test',	'',	0,	1),
(12,	'2019-07-08 15:23:04',	331,	'sad',	1,	'sd',	'5d231280b338e.png',	1,	1),
(13,	'2019-07-08 16:40:50',	1,	'test',	0,	'test',	'',	0,	1),
(14,	'2019-07-08 16:41:38',	1,	'test',	0,	'test',	'',	0,	1);

DROP TABLE IF EXISTS `ng_news_room_image`;
CREATE TABLE `ng_news_room_image` (
  `id` int(11) NOT NULL AUTO_INCREMENT,
  `news_id` int(11) NOT NULL,
  `files` varchar(200) COLLATE utf8_unicode_ci NOT NULL,
  `doc_name` text COLLATE utf8_unicode_ci NOT NULL,
  `date_created` timestamp NOT NULL DEFAULT CURRENT_TIMESTAMP ON UPDATE CURRENT_TIMESTAMP,
  PRIMARY KEY (`id`)
) ENGINE=MyISAM DEFAULT CHARSET=utf8 COLLATE=utf8_unicode_ci;

INSERT INTO `ng_news_room_image` (`id`, `news_id`, `files`, `doc_name`, `date_created`) VALUES
(9,	23,	'5d1dd4dd475f0.png',	'Screen Shot 2019-07-01 at 9.27.12 PM.png',	'2019-07-04 10:28:45'),
(8,	8,	'5ce7b93b098ee.jpg',	'bg-img-6.jpg',	'2019-05-24 09:28:27'),
(4,	4,	'5cd1c1ca10176.jpg',	'69218235.jpg',	'2019-05-07 17:35:06'),
(5,	5,	'5cd1c2450a9cb.jpg',	'69217653.jpg',	'2019-05-07 17:37:09'),
(6,	6,	'5cd1c2836a683.jpg',	'69217721.jpg',	'2019-05-07 17:38:11'),
(7,	7,	'5cd1c2c0cd32b.jpg',	'69200488.jpg',	'2019-05-07 17:39:12'),
(10,	24,	'5d1dd4de0060e.png',	'Screen Shot 2019-07-01 at 9.27.12 PM.png',	'2019-07-04 10:28:45'),
(11,	28,	'5d1dd4e150265.png',	'Screen Shot 2019-07-01 at 9.27.12 PM.png',	'2019-07-04 10:28:49'),
(12,	25,	'5d1dd4e18b893.png',	'Screen Shot 2019-07-01 at 9.27.12 PM.png',	'2019-07-04 10:28:49'),
(13,	26,	'5d1dd4e2be371.png',	'Screen Shot 2019-07-01 at 9.27.12 PM.png',	'2019-07-04 10:28:50'),
(14,	27,	'5d1dd4e346bbe.png',	'Screen Shot 2019-07-01 at 9.27.12 PM.png',	'2019-07-04 10:28:51'),
(15,	29,	'5d1dd4e81b6d4.png',	'Screen Shot 2019-07-01 at 9.27.12 PM.png',	'2019-07-04 10:28:56'),
(16,	8,	'5d23094e07d35.png',	'cancel.png',	'2019-07-08 09:13:50'),
(17,	9,	'5d2309690edc2.png',	'23-232321_square-facebook-256-instagram-png10-png-format-instagram.png',	'2019-07-08 09:14:17'),
(18,	10,	'5d230a3d6ec71.png',	'23-232321_square-facebook-256-instagram-png10-png-format-instagram.png',	'2019-07-08 09:17:49'),
(19,	12,	'5d231280b338e.png',	'23-232321_square-facebook-256-instagram-png10-png-format-instagram.png',	'2019-07-08 09:53:04');

DROP TABLE IF EXISTS `ng_role`;
CREATE TABLE `ng_role` (
  `id` int(11) NOT NULL AUTO_INCREMENT,
  `date_created` timestamp NOT NULL DEFAULT CURRENT_TIMESTAMP ON UPDATE CURRENT_TIMESTAMP,
  `name` varchar(50) COLLATE utf8_unicode_ci NOT NULL,
  `del` int(2) NOT NULL,
  PRIMARY KEY (`id`)
) ENGINE=MyISAM DEFAULT CHARSET=utf8 COLLATE=utf8_unicode_ci;

INSERT INTO `ng_role` (`id`, `date_created`, `name`, `del`) VALUES
(1,	'2019-01-24 11:41:11',	'Admin',	0),
(2,	'2019-04-29 06:56:48',	'User',	0),
(3,	'2019-04-29 05:16:09',	'Approver',	0),
(4,	'2019-07-08 11:57:25',	'Sub admin',	0);

DROP TABLE IF EXISTS `ng_user`;
CREATE TABLE `ng_user` (
  `id` int(12) NOT NULL AUTO_INCREMENT,
  `date_created` timestamp NOT NULL DEFAULT CURRENT_TIMESTAMP ON UPDATE CURRENT_TIMESTAMP,
  `created_by` varchar(50) NOT NULL,
  `access_level` int(11) NOT NULL,
  `name` varchar(50) NOT NULL,
  `email` varchar(50) NOT NULL,
  `username` varchar(100) NOT NULL,
  `password` varchar(100) NOT NULL,
  `mobile` varchar(20) NOT NULL,
  `landline` varchar(30) NOT NULL,
  `department` varchar(50) NOT NULL,
  `add_document` int(2) NOT NULL,
  `edit_document` int(2) NOT NULL,
  `delete_document` int(2) NOT NULL,
  `download_document` int(2) NOT NULL,
  `view_document` int(2) NOT NULL,
  `add_user` int(1) NOT NULL,
  `add_category` int(1) NOT NULL,
  `total_download` int(30) NOT NULL,
  `toady_download` int(20) NOT NULL,
  `toady_download_request` int(1) NOT NULL,
  `toady_download_approve_by` int(20) NOT NULL,
  `free_download` int(10) NOT NULL,
  `default_download_limit` int(10) NOT NULL,
  `approver` int(10) NOT NULL,
  `news_uploader` int(1) NOT NULL,
  `del` int(2) NOT NULL,
  PRIMARY KEY (`id`)
) ENGINE=InnoDB DEFAULT CHARSET=latin1;

INSERT INTO `ng_user` (`id`, `date_created`, `created_by`, `access_level`, `name`, `email`, `username`, `password`, `mobile`, `landline`, `department`, `add_document`, `edit_document`, `delete_document`, `download_document`, `view_document`, `add_user`, `add_category`, `total_download`, `toady_download`, `toady_download_request`, `toady_download_approve_by`, `free_download`, `default_download_limit`, `approver`, `news_uploader`, `del`) VALUES
(1,	'2019-07-17 13:51:02',	'1',	1,	'Admin',	'admin@gmail.com',	'ngadmin',	'ngadmin',	'9999999999',	'7777777777',	'Admin',	1,	1,	1,	1,	1,	1,	1,	7,	0,	0,	0,	15,	15,	0,	1,	0),
(2,	'2019-07-15 13:51:01',	'1',	3,	'Rahul Jain',	'rahul.jain@nangia.com',	'rahul.jain@nangia.com',	'nangia-2013',	'',	'',	'Direct Taxation',	1,	0,	0,	1,	1,	1,	1,	1,	0,	0,	0,	15,	15,	0,	0,	0),
(3,	'2019-07-01 10:04:45',	'1',	3,	'Suraj Nangia',	'suraj.nangia@nangia.com',	'suraj.nangia@nangia.com',	'Suraj@123',	'',	'',	'Direct Tax',	1,	0,	0,	1,	1,	1,	1,	0,	0,	0,	0,	15,	15,	0,	0,	0),
(4,	'2019-06-15 16:41:37',	'1',	3,	'Vikas Gupta',	'vikas.gupta@nangia.com',	'vikas.gupta@nangia.com',	'nangia-2013',	'',	'',	'Audit',	1,	0,	0,	1,	1,	1,	1,	0,	0,	0,	0,	15,	15,	0,	0,	0),
(5,	'2019-06-15 16:41:28',	'1',	3,	'Rohit Goyal',	'rohit.goyal@nangia.com',	'rohit.goyal@nangia.com',	'nangia-2013',	'',	'',	'IB',	1,	0,	0,	1,	1,	1,	1,	0,	0,	0,	0,	15,	15,	0,	0,	0),
(6,	'2019-07-05 09:23:49',	'1',	3,	'Amit Agarwal',	'amit.agarwal@nangia.com',	'amit.agarwal@nangia.com',	'nangia-2013',	'',	'',	'M & A Tax',	1,	0,	0,	1,	1,	1,	1,	0,	0,	0,	0,	15,	15,	0,	0,	0),
(7,	'2019-07-05 11:16:55',	'1',	3,	'Nitin Narang',	'nitin.narang@nangia.com',	'nitin.narang@nangia.com',	'nangia-2013',	'',	'',	'Transfer Pricing',	1,	0,	0,	1,	1,	1,	1,	0,	0,	0,	0,	15,	15,	0,	0,	0),
(8,	'2019-07-08 09:28:43',	'1',	3,	'Rakesh Nangia',	'nangia@nangia.com',	'rakesh.nangia@nangia.com',	'nangia-2013',	'',	'',	'ALL',	1,	0,	0,	1,	1,	1,	1,	0,	0,	0,	0,	15,	15,	0,	0,	0),
(9,	'2019-07-05 11:17:21',	'1',	3,	'Anupam Jain',	'anupam.jain@nangia.com',	'anupam.jain@nangia.com',	'nangia-2013',	'',	'',	'Direct Tax',	1,	0,	0,	1,	1,	1,	0,	0,	0,	0,	0,	15,	15,	3,	1,	1),
(10,	'2019-07-05 11:19:40',	'1',	3,	'Prateek Agarwal',	'prateek.agarwal@nangia.com',	'prateek.agarwal@nangia.com',	'nangia-2013',	'',	'',	'Audit',	1,	0,	0,	1,	1,	1,	1,	0,	0,	0,	0,	15,	15,	0,	0,	0),
(11,	'2019-06-13 09:50:07',	'1',	3,	'Neeraj Agarwala',	'neeraj.agarwala@nangia.com',	'neeraj.agarwala@nangia.com',	'nangia-2013',	'',	'',	'Direct Tax',	1,	0,	0,	1,	1,	1,	0,	0,	0,	0,	0,	15,	15,	0,	1,	1),
(12,	'2019-06-14 13:31:02',	'1',	3,	'Vikram Pratap',	'vikram.pratap@nangia.com',	'vikram.pratap@nangia.com',	'nangia-2013',	'',	'',	'Audit',	1,	0,	0,	1,	1,	1,	0,	0,	0,	0,	0,	15,	15,	0,	1,	1),
(13,	'2019-07-08 09:49:42',	'1',	3,	'Vishwas Panjiar',	'vishwas.panjiar@nangia.com',	'vishwas.panjiar@nangia.com',	'nangia-2013',	'',	'',	'M & A Tax',	1,	0,	0,	1,	1,	1,	1,	0,	0,	0,	0,	15,	15,	0,	0,	0),
(14,	'2019-06-15 16:40:35',	'1',	3,	'Rachna Chauhan',	'rachna.chauhan@nangia.com',	'rachna.chauhan@nangia.com',	'nangia-2013',	'',	'',	'HR',	1,	0,	0,	1,	1,	1,	1,	0,	0,	0,	0,	15,	15,	0,	0,	0),
(15,	'2019-06-15 16:40:26',	'1',	3,	'Nischal Arora',	'nischal.arora@nangia.com',	'nischal.arora@nangia.com',	'nangia-2013',	'',	'',	'Regulatory',	1,	0,	0,	1,	1,	1,	1,	0,	0,	0,	0,	15,	15,	0,	0,	0),
(16,	'2019-06-15 16:40:17',	'1',	2,	'Ashmeet Ahuja',	'ashmeet.ahuja@nangia.com',	'ashmeet.ahuja@nangia.com',	'nangia-2016',	'',	'',	'Direct Taxation',	1,	0,	0,	1,	1,	0,	1,	0,	0,	0,	0,	15,	15,	2,	0,	0),
(17,	'2019-06-15 16:40:09',	'1',	2,	'Yogita Sandhu',	'yogita.sandhu@nangia.com',	'yogita.sandhu@nangia.com',	'nangia-2016',	'',	'',	'M & A Tax',	1,	0,	0,	1,	1,	0,	1,	0,	0,	0,	0,	15,	15,	13,	0,	0),
(18,	'2019-06-15 16:57:50',	'1',	2,	'Muskan Gupta',	'muskan.gupta@nangia.com',	'muskan.gupta@nangia.com',	'nangia-2016',	'',	'',	'Audit',	1,	0,	0,	1,	1,	0,	1,	0,	0,	0,	0,	15,	15,	10,	0,	0),
(19,	'2019-06-11 06:02:13',	'1',	2,	'Sakshi Bansal',	'sakshi.bansal@nangia.com',	'sakshi.bansal@nangia.com',	'nangia-2016',	'',	'',	'',	0,	0,	0,	1,	1,	0,	0,	0,	0,	0,	0,	15,	15,	0,	0,	1),
(20,	'2019-06-15 17:00:33',	'1',	2,	'Pankaj Garg',	'pankaj.garg@nangia.com',	'pankaj.garg@nangia.com',	'nangia-2016',	'',	'',	'Audit',	1,	0,	0,	1,	1,	0,	1,	0,	0,	0,	0,	15,	15,	10,	0,	0),
(21,	'2019-06-15 17:00:24',	'1',	2,	'Kudrat Dhawan',	'kudrat.dhawan@nangia.com',	'kudrat.dhawan@nangia.com',	'nangia-2016',	'',	'',	'IB',	1,	0,	0,	1,	1,	0,	1,	0,	0,	0,	0,	15,	15,	5,	0,	0),
(22,	'2019-06-15 17:00:07',	'1',	2,	'Vrishali Tripathi',	'vrishali.tripathi@nangia.com',	'vrishali.tripathi@nangia.com',	'nangia-2016',	'',	'',	'IB',	1,	0,	0,	1,	1,	0,	1,	0,	0,	0,	0,	15,	15,	5,	0,	0),
(23,	'2019-06-15 16:59:55',	'1',	2,	'Garima Sardana',	'garima.sardana@nangia.com',	'garima.sardana@nangia.com',	'nangia-2016',	'',	'',	'Regulatory',	1,	0,	0,	1,	1,	0,	1,	0,	0,	0,	0,	15,	15,	15,	0,	0),
(24,	'2019-07-05 09:23:07',	'1',	2,	'Mansi Arora',	'mansi.arora@nangia.com',	'mansi.arora@nangia.com',	'nangia-2016',	'',	'',	'Transfer Pricing',	1,	0,	0,	1,	1,	0,	1,	0,	0,	0,	0,	15,	15,	6,	0,	0),
(25,	'2019-07-09 08:28:48',	'1',	2,	'Yojna Ahuja',	'yojna.ahuja@nangia.com',	'yojna.ahuja@nangia.com',	'nangia-2016',	'',	'',	'Regulatory',	1,	0,	0,	1,	1,	0,	1,	0,	0,	0,	0,	15,	15,	15,	0,	0),
(26,	'2019-06-15 16:59:22',	'1',	2,	'Yashpal Rana',	'yashpal.rana@nangia.com',	'yashpal.rana@nangia.com',	'nangia-2016',	'',	'',	'M & A Tax',	1,	0,	0,	1,	1,	0,	1,	0,	0,	0,	0,	15,	15,	6,	0,	0),
(27,	'2019-06-15 16:59:14',	'1',	2,	'Yash Jain',	'yash.jain@nangia.com',	'yash.jain@nangia.com',	'nangia-2016',	'',	'',	'Indirect Taxation',	1,	0,	0,	1,	1,	0,	1,	0,	0,	0,	0,	15,	15,	221,	0,	0),
(28,	'2019-06-15 17:02:05',	'1',	2,	'Vishakha Purohit',	'vishakha.purohit@nangia.com',	'vishakha.purohit@nangia.com',	'nangia-2016',	'',	'',	'Audit',	1,	0,	0,	1,	1,	0,	1,	0,	0,	0,	0,	15,	15,	4,	0,	0),
(29,	'2019-06-15 16:58:52',	'1',	2,	'Vikas Roy',	'vikas.roy@nangia.com',	'vikas.roy@nangia.com',	'nangia-2016',	'',	'',	'Audit',	1,	0,	0,	1,	1,	0,	1,	0,	0,	0,	0,	15,	15,	4,	0,	0),
(30,	'2019-06-15 16:58:43',	'1',	2,	'Vijay Tanwar',	'vijay.tanwar@nangia.com',	'vijay.tanwar@nangia.com',	'nangia-2016',	'',	'',	'Audit',	1,	0,	0,	1,	1,	0,	1,	0,	0,	0,	0,	15,	15,	4,	0,	0),
(31,	'2019-06-15 16:58:35',	'1',	2,	'Vidhu Duggal',	'vidhu.duggal@nangia.com',	'vidhu.duggal@nangia.com',	'nangia-2016',	'',	'',	'Direct Taxation',	1,	0,	0,	1,	1,	0,	1,	0,	0,	0,	0,	15,	15,	2,	0,	0),
(32,	'2019-06-15 16:58:26',	'1',	2,	'Versha Jain',	'versha.jain@nangia.com',	'versha.jain@nangia.com',	'nangia-2016',	'',	'',	'M & A Tax',	1,	0,	0,	1,	1,	0,	1,	0,	0,	0,	0,	15,	15,	6,	0,	0),
(33,	'2019-06-15 16:58:16',	'1',	2,	'Vasudha Arora',	'vasudha.arora@nangia.com',	'vasudha.arora@nangia.com',	'nangia-2016',	'',	'',	'Support',	1,	0,	0,	1,	1,	0,	1,	0,	0,	0,	0,	15,	15,	3,	0,	0),
(34,	'2019-06-15 16:57:58',	'1',	2,	'Vanshika Bhardwaj',	'vanshika.bhardwaj@nangia.com',	'vanshika.bhardwaj@nangia.com',	'nangia-2016',	'',	'',	'Regulatory',	1,	0,	0,	1,	1,	0,	1,	0,	0,	0,	0,	15,	15,	15,	0,	0),
(35,	'2019-06-15 16:57:42',	'1',	2,	'Vaishali Dua',	'vaishali.dua@nangia.com',	'vaishali.dua@nangia.com',	'nangia-2016',	'',	'',	'Direct Taxation',	1,	0,	0,	1,	1,	0,	1,	0,	0,	0,	0,	15,	15,	2,	0,	0),
(36,	'2019-06-15 16:57:34',	'1',	2,	'Vaibhav Goel',	'vaibhav.goel@nangia.com',	'vaibhav.goel@nangia.com',	'nangia-2016',	'',	'',	'Transfer Pricing',	1,	0,	0,	1,	1,	0,	1,	0,	0,	0,	0,	15,	15,	6,	0,	0),
(37,	'2019-06-15 16:57:15',	'1',	2,	'Utkarsh Agarwal',	'utkarsh.agarwal@nangia.com',	'utkarsh.agarwal@nangia.com',	'nangia-2016',	'',	'',	'M & A Tax',	1,	0,	0,	1,	1,	0,	1,	0,	0,	0,	0,	15,	15,	6,	0,	0),
(38,	'2019-06-15 16:57:04',	'1',	2,	'Ujjwal Anand',	'ujjwal.anand@nangia.com',	'ujjwal.anand@nangia.com',	'nangia-2016',	'',	'',	'M & A Tax',	1,	0,	0,	1,	1,	0,	1,	0,	0,	0,	0,	15,	15,	6,	0,	0),
(39,	'2019-06-15 16:56:54',	'1',	2,	'Tushar Rohatgi',	'tushar.rohatgi@nangia.com',	'tushar.rohatgi@nangia.com',	'nangia-2016',	'',	'',	'Indirect Taxation',	1,	0,	0,	1,	1,	0,	1,	0,	0,	0,	0,	15,	15,	221,	0,	0),
(40,	'2019-06-15 16:56:45',	'1',	2,	'Tushar Narang',	'tushar.narang@nangia.com',	'tushar.narang@nangia.com',	'nangia-2016',	'',	'',	'Indirect Taxation',	1,	0,	0,	1,	1,	0,	1,	0,	0,	0,	0,	15,	15,	221,	0,	0),
(41,	'2019-06-15 16:56:35',	'1',	2,	'Tanya Arora',	'tanya.arora@nangia.com',	'tanya.arora@nangia.com',	'nangia-2016',	'',	'',	'Audit',	1,	0,	0,	1,	1,	0,	1,	0,	0,	0,	0,	15,	15,	4,	0,	0),
(42,	'2019-06-15 16:56:24',	'1',	2,	'Tanu Garg',	'tanu.garg@nangia.com',	'tanu.garg@nangia.com',	'nangia-2016',	'',	'',	'Indirect Taxation',	1,	0,	0,	1,	1,	0,	1,	0,	0,	0,	0,	15,	15,	221,	0,	0),
(43,	'2019-06-15 16:56:14',	'1',	2,	'Swati Mittal',	'swati.mittal@nangia.com',	'swati.mittal@nangia.com',	'nangia-2016',	'',	'',	'Transfer Pricing',	1,	0,	0,	1,	1,	0,	1,	0,	0,	0,	0,	15,	15,	6,	0,	0),
(44,	'2019-06-15 16:56:06',	'1',	2,	'Surbhi Tyagi',	'surbhi.tyagi@nangia.com',	'surbhi.tyagi@nangia.com',	'nangia-2016',	'',	'',	'Audit',	1,	0,	0,	1,	1,	0,	1,	0,	0,	0,	0,	15,	15,	4,	0,	0),
(45,	'2019-06-15 16:55:57',	'1',	2,	'Surbhi Chaturvedi',	'surbhi.chaturvedi@nangia.com',	'surbhi.chaturvedi@nangia.com',	'nangia-2016',	'',	'',	'Transfer Pricing',	1,	0,	0,	1,	1,	0,	1,	0,	0,	0,	0,	15,	15,	6,	0,	0),
(46,	'2019-06-15 16:55:45',	'1',	2,	'Sujeet Choudhary',	'sujeet.choudhary@nangia.com',	'sujeet.choudhary@nangia.com',	'nangia-2016',	'',	'',	'Audit',	1,	0,	0,	1,	1,	0,	1,	0,	0,	0,	0,	15,	15,	10,	0,	0),
(47,	'2019-06-15 16:55:36',	'1',	2,	'Sudha Karnani',	'sudha.karnani@nangia.com',	'sudha.karnani@nangia.com',	'nangia-2016',	'',	'',	'Direct Taxation',	1,	0,	0,	1,	1,	0,	1,	0,	0,	0,	0,	15,	15,	2,	0,	0),
(48,	'2019-06-15 16:55:29',	'1',	2,	'Sucheta Rastogi',	'sucheta.rastogi@nangia.com',	'sucheta.rastogi@nangia.com',	'nangia-2016',	'',	'',	'Indirect Taxation',	1,	0,	0,	1,	1,	0,	1,	0,	0,	0,	0,	15,	15,	221,	0,	0),
(49,	'2019-06-15 16:55:22',	'1',	2,	'Subham Singhal',	'subham.singhal@nangia.com',	'subham.singhal@nangia.com',	'nangia-2016',	'',	'',	'Indirect Taxation',	1,	0,	0,	1,	1,	0,	1,	0,	0,	0,	0,	15,	15,	221,	0,	0),
(50,	'2019-06-15 16:55:05',	'1',	2,	'Sourabh Singh',	'sourabh.singh@nangia.com',	'sourabh.singh@nangia.com',	'nangia-2016',	'',	'',	'Audit',	1,	0,	0,	1,	1,	0,	1,	0,	0,	0,	0,	15,	15,	10,	0,	0),
(51,	'2019-06-15 16:54:58',	'1',	2,	'Simran Sharma',	'simran.sharma@nangia.com',	'simran.sharma@nangia.com',	'nangia-2016',	'',	'',	'Audit',	1,	0,	0,	1,	1,	0,	1,	0,	0,	0,	0,	15,	15,	4,	0,	0),
(52,	'2019-06-15 16:54:48',	'1',	2,	'Simran Makkar',	'simran.makkar@nangia.com',	'simran.makkar@nangia.com',	'nangia-2016',	'',	'',	'Indirect Taxation',	1,	0,	0,	1,	1,	0,	1,	0,	0,	0,	0,	15,	15,	221,	0,	0),
(53,	'2019-06-15 16:54:41',	'1',	2,	'Simran Garg',	'simran.garg@nangia.com',	'simran.garg@nangia.com',	'nangia-2016',	'',	'',	'Direct Taxation',	1,	0,	0,	1,	1,	0,	1,	0,	0,	0,	0,	15,	15,	2,	0,	0),
(54,	'2019-06-15 16:54:33',	'1',	2,	'Shubham Dhakrey',	'shubham.dhakrey@nangia.com',	'shubham.dhakrey@nangia.com',	'nangia-2016',	'',	'',	'Indirect Taxation',	1,	0,	0,	1,	1,	0,	1,	0,	0,	0,	0,	15,	15,	221,	0,	0),
(55,	'2019-06-15 16:54:25',	'1',	2,	'Shruti Gupta',	'shruti.gupta@nangia.com',	'shruti.gupta@nangia.com',	'nangia-2016',	'',	'',	'Direct Taxation',	1,	0,	0,	1,	1,	0,	1,	0,	0,	0,	0,	15,	15,	3,	0,	0),
(56,	'2019-07-05 10:52:03',	'1',	2,	'Shreya Mittal',	'shreya.mittal@nangia.com',	'shreya.mittal@nangia.com',	'nangia-2016',	'',	'',	'Audit',	1,	0,	0,	1,	1,	0,	1,	0,	0,	0,	0,	15,	15,	4,	0,	1),
(57,	'2019-06-15 16:54:06',	'1',	2,	'Shobhit Sharma',	'shobhit.sharma@nangia.com',	'shobhit.sharma@nangia.com',	'nangia-2016',	'',	'',	'Support',	1,	0,	0,	1,	1,	0,	1,	0,	0,	0,	0,	15,	15,	8,	0,	0),
(58,	'2019-06-15 16:53:57',	'1',	2,	'Shivam Gupta',	'shivam.gupta@nangia.com',	'shivam.gupta@nangia.com',	'nangia-2016',	'',	'',	'Indirect Taxation',	1,	0,	0,	1,	1,	0,	1,	0,	0,	0,	0,	15,	15,	221,	0,	0),
(59,	'2019-06-15 16:53:48',	'1',	2,	'Shishir Matneja',	'shishir.matneja@nangia.com',	'shishir.matneja@nangia.com',	'nangia-2016',	'',	'',	'Transfer Pricing',	1,	0,	0,	1,	1,	0,	1,	0,	0,	0,	0,	15,	15,	6,	0,	0),
(60,	'2019-06-15 16:53:41',	'1',	2,	'Shikha Gupta',	'shikha.gupta@nangia.com',	'shikha.gupta@nangia.com',	'nangia-2016',	'',	'',	'Audit',	1,	0,	0,	1,	1,	0,	1,	0,	0,	0,	0,	15,	15,	10,	0,	0),
(61,	'2019-06-15 16:53:33',	'1',	2,	'Shagun Jain',	'shagun.jain@nangia.com',	'shagun.jain@nangia.com',	'nangia-2016',	'',	'',	'Audit',	1,	0,	0,	1,	1,	0,	1,	0,	0,	0,	0,	15,	15,	4,	0,	0),
(62,	'2019-06-15 16:53:26',	'1',	2,	'Saurabh Pandey',	'saurabh.pandey@nangia.com',	'saurabh.pandey@nangia.com',	'nangia-2016',	'',	'',	'Audit',	1,	0,	0,	1,	1,	0,	1,	0,	0,	0,	0,	15,	15,	4,	0,	0),
(63,	'2019-06-15 16:53:18',	'1',	2,	'Sanjay Tomar',	'sanjay.tomar@nangia.com',	'sanjay.tomar@nangia.com',	'nangia-2016',	'',	'',	'Indirect Taxation',	1,	0,	0,	1,	1,	0,	1,	0,	0,	0,	0,	15,	15,	221,	0,	0),
(64,	'2019-06-15 16:53:08',	'1',	2,	'Sandeep Jindal',	'sandeep.jindal@nangia.com',	'sandeep.jindal@nangia.com',	'nangia-2016',	'',	'',	'Audit',	1,	0,	0,	1,	1,	0,	1,	0,	0,	0,	0,	15,	15,	4,	0,	0),
(65,	'2019-06-15 16:52:46',	'1',	2,	'Samridhi Dogra',	'samridhi.dogra@nangia.com',	'samridhi.dogra@nangia.com',	'nangia-2016',	'',	'',	'Audit',	1,	0,	0,	1,	1,	0,	1,	0,	0,	0,	0,	15,	15,	4,	0,	0),
(66,	'2019-06-15 16:52:40',	'1',	2,	'Samriddhi Rastogi',	'samriddhi.rastogi@nangia.com',	'samriddhi.rastogi@nangia.com',	'nangia-2016',	'',	'',	'Direct Taxation',	1,	0,	0,	1,	1,	0,	1,	0,	0,	0,	0,	15,	15,	2,	0,	0),
(67,	'2019-07-05 10:07:10',	'1',	2,	'Sakshi Sharma',	'sakshi.sharma@nangia.com',	'sakshi.sharma@nangia.com',	'nangia-2016',	'',	'',	'Direct Taxation',	1,	0,	0,	1,	1,	0,	1,	0,	0,	0,	0,	15,	15,	225,	0,	0),
(68,	'2019-07-05 10:52:19',	'1',	2,	'Sahil Huria',	'sahil.huria@nangia.com',	'sahil.huria@nangia.com',	'nangia-2016',	'',	'',	'IB',	1,	0,	0,	1,	1,	0,	1,	0,	0,	0,	0,	15,	15,	5,	0,	1),
(69,	'2019-06-15 16:48:34',	'1',	2,	'Sagar Dua',	'sagar.dua@nangia.com',	'sagar.dua@nangia.com',	'nangia-2016',	'',	'',	'Regulatory',	1,	0,	0,	1,	1,	0,	1,	0,	0,	0,	0,	15,	15,	15,	0,	0),
(70,	'2019-06-15 16:48:40',	'1',	2,	'Sagar Agrawal',	'sagar.agrawal@nangia.com',	'sagar.agrawal@nangia.com',	'nangia-2016',	'',	'',	'Direct Taxation',	1,	0,	0,	1,	1,	0,	1,	0,	0,	0,	0,	15,	15,	2,	0,	0),
(71,	'2019-06-15 16:51:01',	'1',	2,	'Rohit Dhamija',	'rohit.dhamija@nangia.com',	'rohit.dhamija@nangia.com',	'nangia-2016',	'',	'',	'Audit',	1,	0,	0,	1,	1,	0,	1,	0,	0,	0,	0,	15,	15,	4,	0,	0),
(72,	'2019-06-15 16:50:48',	'1',	2,	'Rohan David',	'rohan.david@nangia.com',	'rohan.david@nangia.com',	'nangia-2016',	'',	'',	'Audit',	1,	0,	0,	1,	1,	0,	1,	0,	0,	0,	0,	15,	15,	4,	0,	0),
(73,	'2019-06-15 16:50:41',	'1',	2,	'Ritu Rani',	'ritu.rani@nangia.com',	'ritu.rani@nangia.com',	'nangia-2016',	'',	'',	'Compliance',	1,	0,	0,	1,	1,	0,	1,	0,	0,	0,	0,	15,	15,	4,	0,	0),
(74,	'2019-07-05 09:24:50',	'1',	2,	'Ritika Mittal',	'ritika.mittal@nangia.com',	'ritika.mittal@nangia.com',	'nangia-2016',	'',	'',	'Transfer Pricing',	1,	0,	0,	1,	1,	0,	1,	0,	0,	0,	0,	15,	15,	7,	0,	0),
(75,	'2019-06-15 16:50:26',	'1',	2,	'Rishab Agarwal',	'rishab.agarwal@nangia.com',	'rishab.agarwal@nangia.com',	'nangia-2016',	'',	'',	'IB',	1,	0,	0,	1,	1,	0,	1,	0,	0,	0,	0,	15,	15,	3,	0,	0),
(76,	'2019-06-15 16:50:18',	'1',	2,	'Ram Shukla',	'ram.shukla@nangia.com',	'ram.shukla@nangia.com',	'nangia-2016',	'',	'',	'Audit',	1,	0,	0,	1,	1,	0,	1,	0,	0,	0,	0,	15,	15,	10,	0,	0),
(77,	'2019-06-15 16:50:10',	'1',	2,	'Rakshit Bahl',	'rakshit.bahl@nangia.com',	'rakshit.bahl@nangia.com',	'nangia-2016',	'',	'',	'Audit',	1,	0,	0,	1,	1,	0,	1,	0,	0,	0,	0,	15,	15,	4,	0,	0),
(78,	'2019-06-15 16:50:03',	'1',	2,	'Raj Saxena',	'raj.saxena@nangia.com',	'raj.saxena@nangia.com',	'nangia-2016',	'',	'',	'Transfer Pricing',	1,	0,	0,	1,	1,	0,	1,	0,	0,	0,	0,	15,	15,	6,	0,	0),
(79,	'2019-06-15 16:49:56',	'1',	2,	'Rahul Rawat',	'rahul.rawat@nangia.com',	'rahul.rawat@nangia.com',	'nangia-2016',	'',	'',	'Indirect Taxation',	1,	0,	0,	1,	1,	0,	1,	0,	0,	0,	0,	15,	15,	221,	0,	0),
(80,	'2019-06-15 16:49:50',	'1',	2,	'Rahul Maggo',	'rahul.maggo@nangia.com',	'rahul.maggo@nangia.com',	'nangia-2016',	'',	'',	'Direct Taxation',	1,	0,	0,	1,	1,	0,	1,	0,	0,	0,	0,	15,	15,	2,	0,	0),
(81,	'2019-06-15 16:49:42',	'1',	2,	'Rahul Gulia',	'rahul.gulia@nangia.com',	'rahul.gulia@nangia.com',	'nangia-2016',	'',	'',	'Audit',	1,	0,	0,	1,	1,	0,	1,	0,	0,	0,	0,	15,	15,	4,	0,	0),
(82,	'2019-06-15 16:49:35',	'1',	2,	'Radhika Arora',	'radhika.arora@nangia.com',	'radhika.arora@nangia.com',	'nangia-2016',	'',	'',	'Direct Taxation',	1,	0,	0,	1,	1,	0,	1,	0,	0,	0,	0,	15,	15,	3,	0,	0),
(83,	'2019-06-15 16:49:27',	'1',	2,	'Pulkit Srivastava',	'pulkit.srivastava@nangia.com',	'pulkit.srivastava@nangia.com',	'nangia-2016',	'',	'',	'Audit',	1,	0,	0,	1,	1,	0,	1,	0,	0,	0,	0,	15,	15,	4,	0,	0),
(84,	'2019-06-15 16:49:20',	'1',	2,	'Priyansh Agarwal',	'priyansh.agarwal@nangia.com',	'priyansh.agarwal@nangia.com',	'nangia-2016',	'',	'',	'IB',	1,	0,	0,	1,	1,	0,	1,	0,	0,	0,	0,	15,	15,	5,	0,	0),
(85,	'2019-06-15 16:49:13',	'1',	2,	'Priyanka Singh',	'priyanka.singh@nangia.com',	'priyanka.singh@nangia.com',	'nangia-2016',	'',	'',	'Support',	1,	0,	0,	1,	1,	0,	1,	0,	0,	0,	0,	15,	15,	8,	0,	0),
(86,	'2019-06-15 16:49:06',	'1',	2,	'Priyanka Nanwaya',	'priyanka.nanwaya@nangia.com',	'priyanka.nanwaya@nangia.com',	'nangia-2016',	'',	'',	'Indirect Taxation',	1,	0,	0,	1,	1,	0,	1,	0,	0,	0,	0,	15,	15,	221,	0,	0),
(87,	'2019-06-15 16:48:57',	'1',	2,	'Priya Jain',	'priya.jain@nangia.com',	'priya.jain@nangia.com',	'nangia-2016',	'',	'',	'Transfer Pricing',	1,	0,	0,	1,	1,	0,	1,	0,	0,	0,	0,	15,	15,	6,	0,	0),
(88,	'2019-06-15 16:48:49',	'1',	2,	'Prerna Vijay',	'prerna.vijay@nangia.com',	'prerna.vijay@nangia.com',	'nangia-2016',	'',	'',	'Support',	1,	0,	0,	1,	1,	0,	1,	0,	0,	0,	0,	15,	15,	8,	0,	0),
(89,	'2019-07-12 11:40:52',	'1',	2,	'Prasenjit Gautam',	'prasenjit.gautam@nangia.com',	'prasenjit.gautam@nangia.com',	'nangia-007',	'9212180633',	'01202598091',	'Support',	1,	0,	0,	1,	1,	0,	1,	0,	0,	0,	0,	15,	15,	220,	0,	1),
(90,	'2019-06-15 16:48:18',	'1',	2,	'Praphull Jaiswal',	'praphull.jaiswal@nangia.com',	'praphull.jaiswal@nangia.com',	'nangia-2016',	'',	'',	'Audit',	1,	0,	0,	1,	1,	0,	1,	0,	0,	0,	0,	15,	15,	4,	0,	0),
(91,	'2019-06-15 16:48:08',	'1',	2,	'Pragati Gupta',	'pragati.gupta@nangia.com',	'pragati.gupta@nangia.com',	'nangia-2016',	'',	'',	'Audit',	1,	0,	0,	1,	1,	0,	1,	0,	0,	0,	0,	15,	15,	4,	0,	0),
(92,	'2019-06-15 16:48:01',	'1',	2,	'Pooja Arora',	'pooja.arora@nangia.com',	'pooja.arora@nangia.com',	'nangia-2016',	'',	'',	'Indirect Taxation',	1,	0,	0,	1,	1,	0,	1,	0,	0,	0,	0,	15,	15,	221,	0,	0),
(93,	'2019-06-15 16:47:53',	'1',	2,	'Peeyush Yadav',	'peeyush.yadav@nangia.com',	'peeyush.yadav@nangia.com',	'nangia-2016',	'',	'',	'IB',	1,	0,	0,	1,	1,	0,	1,	0,	0,	0,	0,	15,	15,	5,	0,	0),
(94,	'2019-06-15 16:47:44',	'1',	2,	'Pankhuri Wason',	'pankhuri.wason@nangia.com',	'pankhuri.wason@nangia.com',	'nangia-2016',	'',	'',	'Audit',	0,	0,	0,	1,	1,	0,	1,	0,	0,	0,	0,	15,	15,	4,	0,	0),
(95,	'2019-06-15 16:47:36',	'1',	2,	'Om Rajpurohit',	'om.rajpurohit@nangia.com',	'om.rajpurohit@nangia.com',	'nangia-2016',	'',	'',	'Direct Taxation',	1,	0,	0,	1,	1,	0,	1,	0,	0,	0,	0,	15,	15,	2,	0,	0),
(96,	'2019-06-15 16:47:29',	'1',	2,	'Nitin Dargan',	'nitin.dargan@nangia.com',	'nitin.dargan@nangia.com',	'nangia-2016',	'',	'',	'Indirect Taxation',	1,	0,	0,	1,	1,	0,	1,	0,	0,	0,	0,	15,	15,	221,	0,	0),
(97,	'2019-06-15 16:47:21',	'1',	2,	'Neha Tyagi',	'neha.tyagi@nangia.com',	'neha.tyagi@nangia.com',	'nangia-2016',	'',	'',	'Audit',	1,	0,	0,	1,	1,	0,	1,	0,	0,	0,	0,	15,	15,	4,	0,	0),
(98,	'2019-06-15 16:47:13',	'1',	2,	'Neha Sharma',	'neha.sharma@nangia.com',	'neha.sharma@nangia.com',	'nangia-2016',	'',	'',	'Support',	1,	0,	0,	1,	1,	0,	1,	0,	0,	0,	0,	15,	15,	14,	0,	0),
(99,	'2019-06-15 16:47:04',	'1',	2,	'Namrata Agarwal',	'namrata.agarwal@nangia.com',	'namrata.agarwal@nangia.com',	'nangia-2016',	'',	'',	'Audit',	1,	0,	0,	1,	1,	0,	1,	0,	0,	0,	0,	15,	15,	4,	0,	0),
(100,	'2019-06-15 16:46:57',	'1',	2,	'Naina Gupta',	'naina.gupta@nangia.com',	'naina.gupta@nangia.com',	'nangia-2016',	'',	'',	'Indirect Taxation',	1,	0,	0,	1,	1,	0,	1,	0,	0,	0,	0,	15,	15,	221,	0,	0),
(101,	'2019-07-05 10:51:53',	'1',	2,	'Mridu Gupta',	'mridu.gupta@nangia.com',	'mridu.gupta@nangia.com',	'nangia-2016',	'',	'',	'Audit',	1,	0,	0,	1,	1,	0,	1,	0,	0,	0,	0,	15,	15,	4,	0,	1),
(102,	'2019-06-15 16:46:43',	'1',	2,	'Monika Sukhija',	'monika.sukhija@nangia.com',	'monika.sukhija@nangia.com',	'nangia-2016',	'',	'',	'Transfer Pricing',	1,	0,	0,	1,	1,	0,	1,	0,	0,	0,	0,	15,	15,	6,	0,	0),
(103,	'2019-06-15 16:46:27',	'1',	2,	'Mohit Sehra',	'mohit.sehra@nangia.com',	'mohit.sehra@nangia.com',	'nangia-2016',	'',	'',	'Audit',	1,	0,	0,	1,	1,	0,	1,	0,	0,	0,	0,	15,	15,	4,	0,	0),
(104,	'2019-06-15 16:46:19',	'1',	2,	'Amit Arora',	'amit.arora@nangia.com',	'amit.arora@nangia.com',	'nangia-2016',	'',	'',	'Direct Taxation',	1,	0,	0,	1,	1,	0,	1,	0,	0,	0,	0,	15,	15,	2,	0,	0),
(105,	'2019-06-15 16:46:10',	'1',	2,	'Anchal Kapoor',	'anchal.kapoor@nangia.com',	'anchal.kapoor@nangia.com',	'nangia-2016',	'',	'',	'Transfer Pricing',	1,	0,	0,	1,	1,	0,	1,	0,	0,	0,	0,	15,	15,	6,	0,	0),
(106,	'2019-07-11 10:19:53',	'1',	2,	'Chetan Sawhney',	'chetan.sawhney@nangia.com',	'chetan.sawhney@nangia.com',	'nangia-2016',	'',	'',	'Support',	1,	0,	0,	1,	1,	0,	1,	0,	0,	0,	0,	15,	15,	335,	1,	0),
(107,	'2019-06-15 16:45:47',	'1',	2,	'Chirag Nangia',	'chirag.nangia@nangia.com',	'chirag.nangia@nangia.com',	'nangia-2016',	'',	'',	'M & A Tax',	1,	0,	0,	1,	1,	0,	1,	0,	0,	0,	0,	15,	15,	6,	0,	0),
(108,	'2019-07-12 13:51:02',	'1',	2,	'Gaurav Tyagi',	'gaurav.tyagi@nangia.com',	'gaurav.tyagi@nangia.com',	'nangia-2016',	'',	'',	'Support',	1,	0,	0,	1,	1,	0,	1,	1,	0,	0,	0,	15,	15,	220,	0,	0),
(109,	'2019-06-15 16:45:29',	'1',	2,	'Helen Zhou',	'helen.zhou@nangia.com',	'helen.zhou@nangia.com',	'nangia-2016',	'',	'',	'Support',	1,	0,	0,	1,	1,	0,	1,	0,	0,	0,	0,	15,	15,	3,	0,	0),
(110,	'2019-06-12 00:10:22',	'1',	2,	'user-error',	'error@nangia.com',	'himanshu.relan@nangia.com',	'nangia-2016',	'',	'',	'Error',	0,	0,	0,	0,	1,	0,	0,	0,	0,	0,	0,	15,	15,	220,	0,	1),
(111,	'2019-06-15 16:45:13',	'1',	2,	'Jagdish Chander',	'jagdish.chander@nangia.com',	'jagdish.chander@nangia.com',	'nangia-2016',	'',	'',	'Support',	1,	0,	0,	1,	1,	0,	1,	0,	0,	0,	0,	15,	15,	8,	0,	0),
(112,	'2019-06-15 16:45:02',	'1',	2,	'Mansi Chopra',	'mansi.chopra@nangia.com',	'mansi.chopra@nangia.com',	'nangia-2016',	'',	'',	'Direct Taxation',	1,	0,	0,	1,	1,	0,	1,	0,	0,	0,	0,	15,	15,	2,	0,	0),
(113,	'2019-06-15 16:44:56',	'1',	2,	'Mridhu Malhotra',	'mridhu.malhotra@nangia.com',	'mridhu.malhotra@nangia.com',	'nangia-2016',	'',	'',	'Direct Taxation',	1,	0,	0,	1,	1,	0,	1,	0,	0,	0,	0,	15,	15,	2,	0,	0),
(114,	'2019-06-15 16:43:07',	'1',	2,	'Munish Sharma',	'munish.sharma@nangia.com',	'munish.sharma@nangia.com',	'nangia-2016',	'',	'',	'Audit',	1,	0,	0,	1,	1,	0,	1,	0,	0,	0,	0,	15,	15,	4,	0,	0),
(115,	'2019-07-11 06:02:57',	'1',	2,	'Neha Malhotra',	'neha.malhotra@nangia.com',	'neha.malhotra@nangia.com',	'bumbum@20',	'',	'',	'Support',	1,	0,	0,	1,	1,	0,	1,	0,	0,	0,	0,	15,	15,	8,	0,	1),
(116,	'2019-06-15 16:42:54',	'1',	2,	'Pratik Arora',	'pratik.arora@nangia.com',	'pratik.arora@nangia.com',	'nangia-2016',	'',	'',	'Audit',	1,	0,	0,	1,	1,	0,	1,	0,	0,	0,	0,	15,	15,	4,	0,	0),
(117,	'2019-06-15 16:42:46',	'1',	2,	'Richa Manchanda',	'richa.manchanda@nangia.com',	'richa.manchanda@nangia.com',	'nangia-2016',	'',	'',	'Indirect Taxation',	1,	0,	0,	1,	1,	0,	1,	0,	0,	0,	0,	15,	15,	221,	0,	0),
(118,	'2019-06-15 16:42:37',	'1',	2,	'Sanjoli Maheshwari',	'sanjoli.maheshwari@nangia.com',	'sanjoli.maheshwari@nangia.com',	'nangia-2016',	'',	'',	'Direct Taxation',	1,	0,	0,	1,	1,	0,	1,	0,	0,	0,	0,	15,	15,	2,	0,	0),
(119,	'2019-06-15 16:42:13',	'1',	2,	'Sarika Bedi',	'sarika.bedi@nangia.com',	'sarika.bedi@nangia.com',	'nangia-2016',	'',	'',	'Support',	1,	0,	0,	1,	1,	0,	1,	0,	0,	0,	0,	15,	15,	8,	0,	0),
(120,	'2019-07-05 09:42:43',	'1',	2,	'Shailesh Kumar',	'shailesh.kumar@nangia.com',	'shailesh.kumar@nangia.com',	'nangia-2016',	'',	'',	'Direct Taxation',	1,	0,	0,	1,	1,	0,	1,	0,	0,	0,	0,	15,	15,	2,	0,	0),
(121,	'2019-06-15 16:36:36',	'1',	2,	'Shalu Kedia',	'shalu.kedia@nangia.com',	'shalu.kedia@nangia.com',	'nangia-2016',	'',	'',	'Audit',	1,	0,	0,	1,	1,	0,	1,	0,	0,	0,	0,	15,	15,	4,	0,	0),
(122,	'2019-06-15 16:36:43',	'1',	2,	'Shripal Jain',	'shripal.jain@nangia.com',	'shripal.jain@nangia.com',	'nangia-2016',	'',	'',	'Support',	1,	0,	0,	1,	1,	0,	1,	0,	0,	0,	0,	15,	15,	8,	0,	0),
(123,	'2019-06-12 00:24:48',	'1',	2,	'Sumit Naib',	'sumit.naib@nangia.com',	'sumit.naib@nangia.com',	'nangia-2016',	'',	'',	'Regulatory',	1,	0,	0,	1,	1,	0,	0,	0,	0,	0,	0,	15,	15,	3,	0,	0),
(124,	'2019-06-15 16:36:49',	'1',	2,	'Tanushree Roy',	'tanushree.roy@nangia.com',	'tanushree.roy@nangia.com',	'nangia-2016',	'',	'',	'Indirect Taxation',	1,	0,	0,	1,	1,	0,	1,	0,	0,	0,	0,	15,	15,	221,	0,	0),
(125,	'2019-06-15 16:37:01',	'1',	2,	'Tarini Nijhara',	'tarini.nijhara@nangia.com',	'tarini.nijhara@nangia.com',	'nangia-2016',	'',	'',	'Transfer Pricing',	1,	0,	0,	1,	1,	0,	1,	0,	0,	0,	0,	15,	15,	7,	0,	0),
(126,	'2019-06-15 16:37:07',	'1',	2,	'Ubika Drolia',	'ubika.drolia@nangia.com',	'ubika.drolia@nangia.com',	'nangia-2016',	'',	'',	'Indirect Taxation',	1,	0,	0,	1,	1,	0,	1,	0,	0,	0,	0,	15,	15,	221,	0,	0),
(127,	'2019-06-15 16:37:16',	'1',	2,	'Vikas Saxena',	'vikas.saxena@nangia.com',	'vikas.saxena@nangia.com',	'nangia-2016',	'',	'',	'Support',	1,	0,	0,	1,	1,	0,	1,	0,	0,	0,	0,	15,	15,	8,	0,	0),
(128,	'2019-06-15 16:37:23',	'1',	2,	'Vipin Mangla',	'vipin.mangla@nangia.com',	'vipin.mangla@nangia.com',	'nangia-2016',	'',	'',	'IB',	1,	0,	0,	1,	1,	0,	1,	0,	0,	0,	0,	15,	15,	3,	0,	0),
(129,	'2019-06-15 16:37:39',	'1',	2,	'Vishal Misra',	'vishal.misra@nangia.com',	'vishal.misra@nangia.com',	'nangia-2016',	'',	'',	'Direct Taxation',	1,	0,	0,	1,	1,	0,	1,	0,	0,	0,	0,	15,	15,	2,	0,	0),
(130,	'2019-06-15 16:37:47',	'1',	2,	'Vivek Tyagi',	'vivek.tyagi@nangia.com',	'vivek.tyagi@nangia.com',	'nangia-2016',	'',	'',	'Support',	1,	0,	0,	1,	1,	0,	1,	0,	0,	0,	0,	15,	15,	14,	0,	0),
(131,	'2019-07-08 10:51:32',	'1',	2,	'Wakana Hosono',	'wakana.hosono@nangia.com',	'wakana.hosono@nangia.com',	'nangia-2016',	'',	'',	'Japan Business Desk',	1,	0,	0,	1,	1,	0,	1,	0,	0,	0,	0,	15,	15,	3,	0,	0),
(132,	'2019-06-15 16:38:02',	'1',	2,	'Aakanksha Gupta',	'aakanksha.gupta@nangia.com',	'aakanksha.gupta@nangia.com',	'nangia-2016',	'',	'',	'Transfer Pricing',	1,	0,	0,	1,	1,	0,	1,	0,	0,	0,	0,	15,	15,	6,	0,	0),
(133,	'2019-06-15 16:38:11',	'1',	2,	'Aayush Tripathi',	'aayush.tripathi@nangia.com',	'aayush.tripathi@nangia.com',	'nangia-2016',	'',	'',	'Transfer Pricing',	1,	0,	0,	1,	1,	0,	1,	0,	0,	0,	0,	15,	15,	6,	0,	0),
(134,	'2019-06-15 16:38:22',	'1',	2,	'Abhishek Kumar',	'abhishek.kumar@nangia.com',	'abhishek.kumar@nangia.com',	'nangia-2016',	'',	'',	'Audit',	1,	0,	0,	1,	1,	0,	1,	0,	0,	0,	0,	15,	15,	4,	0,	0),
(135,	'2019-06-15 16:38:32',	'1',	2,	'Abhishek Pathak',	'abhishek.pathak@nangia.com',	'abhishek.pathak@nangia.com',	'nangia-2016',	'',	'',	'M & A Tax',	1,	0,	0,	1,	1,	0,	1,	0,	0,	0,	0,	15,	15,	6,	0,	0),
(136,	'2019-06-15 16:38:50',	'1',	2,	'Aditya Gupta',	'aditya.gupta@nangia.com',	'aditya.gupta@nangia.com',	'nangia-2016',	'',	'',	'Audit',	1,	0,	0,	1,	1,	0,	1,	0,	0,	0,	0,	15,	15,	4,	0,	0),
(137,	'2019-06-15 16:38:59',	'1',	2,	'Aditya Jha',	'aditya.jha@nangia.com',	'aditya.jha@nangia.com',	'nangia-2016',	'',	'',	'Audit',	1,	0,	0,	1,	1,	0,	1,	0,	0,	0,	0,	15,	15,	4,	0,	0),
(138,	'2019-06-15 16:39:08',	'1',	2,	'Akanksha Bhatnagar',	'akanksha.bhatnagar@nangia.com',	'akanksha.bhatnagar@nangia.com',	'nangia-2016',	'',	'',	'IB',	1,	0,	0,	1,	1,	0,	1,	0,	0,	0,	0,	15,	15,	5,	0,	0),
(139,	'2019-07-15 13:51:01',	'1',	2,	'Aman Aggarwal',	'aman.aggarwal@nangia.com',	'aman.aggarwal@nangia.com',	'nangia-2016',	'',	'',	'Direct Taxation',	1,	0,	0,	1,	1,	0,	1,	7,	0,	0,	0,	15,	15,	2,	0,	0),
(140,	'2019-06-15 13:22:55',	'1',	2,	'Aman Kashyap',	'aman.kashyap@nangia.com',	'aman.kashyap@nangia.com',	'nangia-2016',	'',	'',	'Direct Taxation',	1,	0,	0,	1,	1,	0,	1,	0,	0,	0,	0,	15,	15,	2,	0,	0),
(141,	'2019-06-15 13:23:02',	'1',	2,	'Amit Sharma',	'amit.sharma@nangia.com',	'amit.sharma@nangia.com',	'nangia-2016',	'',	'',	'Audit',	1,	0,	0,	1,	1,	0,	1,	0,	0,	0,	0,	15,	15,	4,	0,	0),
(142,	'2019-06-15 13:22:47',	'1',	2,	'Anam Siddiqui',	'anam.siddiqui@nangia.com',	'anam.siddiqui@nangia.com',	'nangia-2016',	'',	'',	'Audit',	1,	0,	0,	1,	1,	0,	1,	0,	0,	0,	0,	15,	15,	4,	0,	0),
(143,	'2019-06-15 13:22:37',	'1',	2,	'Anirudh Chaudhary',	'anirudh.chaudhary@nangia.com',	'anirudh.chaudhary@nangia.com',	'nangia-2016',	'',	'',	'Audit',	1,	0,	0,	1,	1,	0,	1,	0,	0,	0,	0,	15,	15,	4,	0,	0),
(144,	'2019-06-15 13:22:28',	'1',	2,	'Anita Rathore',	'anita.rathore@nangia.com',	'anita.rathore@nangia.com',	'nangia-2016',	'',	'',	'Indirect Taxation',	1,	0,	0,	1,	1,	0,	1,	0,	0,	0,	0,	15,	15,	221,	0,	0),
(145,	'2019-06-15 13:22:03',	'1',	2,	'Anjali Haryana',	'anjali.haryana@nangia.com',	'anjali.haryana@nangia.com',	'nangia-2016',	'',	'',	'Audit',	1,	0,	0,	1,	1,	0,	1,	0,	0,	0,	0,	15,	15,	4,	0,	0),
(146,	'2019-06-15 13:21:57',	'1',	2,	'Ankit Sharma',	'ankit.sharma@nangia.com',	'ankit.sharma@nangia.com',	'nangia-2016',	'',	'',	'Indirect Taxation',	1,	0,	0,	1,	1,	0,	1,	0,	0,	0,	0,	15,	15,	221,	0,	0),
(147,	'2019-06-15 13:21:49',	'1',	2,	'Ankita Pundir',	'ankita.pundir@nangia.com',	'ankita.pundir@nangia.com',	'nangia-2016',	'',	'',	'Audit',	1,	0,	0,	1,	1,	0,	1,	0,	0,	0,	0,	15,	15,	4,	0,	0),
(148,	'2019-06-15 13:21:41',	'1',	2,	'Ankita Vishnoi',	'ankita.vishnoi@nangia.com',	'ankita.vishnoi@nangia.com',	'nangia-2016',	'',	'',	'Audit',	1,	0,	0,	1,	1,	0,	1,	0,	0,	0,	0,	15,	15,	4,	0,	0),
(149,	'2019-06-15 13:21:35',	'1',	2,	'Ansh Nad',	'ansh.nad@nangia.com',	'ansh.nad@nangia.com',	'nangia-2016',	'',	'',	'Audit',	1,	0,	0,	1,	1,	0,	1,	0,	0,	0,	0,	15,	15,	4,	0,	0),
(150,	'2019-06-15 13:21:29',	'1',	2,	'Anubhav Jain',	'anubhav.jain@nangia.com',	'anubhav.jain@nangia.com',	'nangia-2016',	'',	'',	'Audit',	1,	0,	0,	1,	1,	0,	1,	0,	0,	0,	0,	15,	15,	4,	0,	0),
(151,	'2019-06-15 13:21:21',	'1',	2,	'Anubhav Saha',	'anubhav.saha@nangia.com',	'anubhav.saha@nangia.com',	'nangia-2016',	'',	'',	'Audit',	1,	0,	0,	1,	1,	0,	1,	0,	0,	0,	0,	15,	15,	10,	0,	0),
(152,	'2019-06-15 13:21:04',	'1',	2,	'Damini Dhull',	'damini.dhull@nangia.com',	'damini.dhull@nangia.com',	'nangia-2016',	'',	'',	'M & A Tax',	1,	0,	0,	1,	1,	0,	1,	0,	0,	0,	0,	15,	15,	6,	0,	0),
(153,	'2019-06-15 13:20:58',	'1',	2,	'Anushka Bansal',	'anushka.bansal@nangia.com',	'anushka.bansal@nangia.com',	'nangia-2016',	'',	'',	'Audit',	1,	0,	0,	1,	1,	0,	1,	0,	0,	0,	0,	15,	15,	4,	0,	0),
(154,	'2019-06-15 13:20:51',	'1',	2,	'Apurva Goel',	'apurva.goel@nangia.com',	'apurva.goel@nangia.com',	'nangia-2016',	'',	'',	'Transfer Pricing',	1,	0,	0,	1,	1,	0,	1,	0,	0,	0,	0,	15,	15,	7,	0,	0),
(155,	'2019-06-15 13:20:45',	'1',	2,	'Arjun Sobti',	'arjun.sobti@nangia.com',	'arjun.sobti@nangia.com',	'nangia-2016',	'',	'',	'Indirect Taxation',	1,	0,	0,	1,	1,	0,	1,	0,	0,	0,	0,	15,	15,	221,	0,	0),
(156,	'2019-06-15 13:20:36',	'1',	2,	'Arpita Tyagi',	'arpita.tyagi@nangia.com',	'arpita.tyagi@nangia.com',	'nangia-2016',	'',	'',	'Direct Taxation',	1,	0,	0,	1,	1,	0,	1,	0,	0,	0,	0,	15,	15,	2,	0,	0),
(157,	'2019-06-15 13:20:30',	'1',	2,	'Arvind Vyas',	'arvind.vyas@nangia.com',	'arvind.vyas@nangia.com',	'nangia-2016',	'',	'',	'Support',	1,	0,	0,	1,	1,	0,	1,	0,	0,	0,	0,	15,	15,	3,	0,	0),
(158,	'2019-06-15 13:20:24',	'1',	2,	'Ashish Lohani',	'ashish.lohani@nangia.com',	'ashish.lohani@nangia.com',	'nangia-2016',	'',	'',	'Audit',	1,	0,	0,	1,	1,	0,	1,	0,	0,	0,	0,	15,	15,	4,	0,	0),
(159,	'2019-07-05 10:52:10',	'1',	2,	'Ayush Goyal',	'ayush.goyal@nangia.com',	'ayush.goyal@nangia.com',	'nangia-2016',	'',	'',	'Compliance',	1,	0,	0,	1,	1,	0,	1,	0,	0,	0,	0,	15,	15,	15,	0,	1),
(160,	'2019-06-15 13:20:12',	'1',	2,	'Ayushi Nagaria',	'ayushi.nagaria@nangia.com',	'ayushi.nagaria@nangia.com',	'nangia-2016',	'',	'',	'Audit',	1,	0,	0,	1,	1,	0,	1,	0,	0,	0,	0,	15,	15,	4,	0,	0),
(161,	'2019-06-15 13:20:05',	'1',	2,	'Bhavesh Kabra',	'bhavesh.kabra@nangia.com',	'bhavesh.kabra@nangia.com',	'nangia-2016',	'',	'',	'Audit',	1,	0,	0,	1,	1,	0,	1,	0,	0,	0,	0,	15,	15,	4,	0,	0),
(162,	'2019-06-15 13:20:00',	'1',	2,	'Bhavya Dhiman',	'bhavya.dhiman@nangia.com',	'bhavya.dhiman@nangia.com',	'nangia-2016',	'',	'',	'Direct Taxation',	1,	0,	0,	1,	1,	0,	1,	0,	0,	0,	0,	15,	15,	2,	0,	0),
(163,	'2019-06-15 13:19:54',	'1',	2,	'Bibhuti Bhaskar',	'bibhuti.bhaskar@nangia.com',	'bibhuti.bhaskar@nangia.com',	'nangia-2016',	'',	'',	'Audit',	1,	0,	0,	1,	1,	0,	1,	0,	0,	0,	0,	15,	15,	4,	0,	0),
(164,	'2019-06-15 13:19:49',	'1',	2,	'Chetan Kharbanda',	'chetan.kharbanda@nangia.com',	'chetan.kharbanda@nangia.com',	'nangia-2016',	'',	'',	'M & A Tax',	1,	0,	0,	1,	1,	0,	1,	0,	0,	0,	0,	15,	15,	6,	0,	0),
(165,	'2019-06-10 10:06:02',	'1',	2,	'Chhavi Sharma',	'chhavi.sharma@nangia.com',	'chhavi.sharma@nangia.com',	'nangia-2016',	'',	'',	'',	0,	0,	0,	1,	1,	0,	0,	0,	0,	0,	0,	15,	15,	0,	0,	1),
(166,	'2019-06-15 13:19:43',	'1',	2,	'Deepak Gupta',	'deepak.gupta@nangia.com',	'deepak.gupta@nangia.com',	'nangia-2016',	'',	'',	'Support',	1,	0,	0,	1,	1,	0,	1,	0,	0,	0,	0,	15,	15,	8,	0,	0),
(167,	'2019-06-15 13:19:33',	'1',	2,	'Deepak Kumar',	'deepak.kumar@nangia.com',	'deepak.kumar@nangia.com',	'nangia-2016',	'',	'',	'Audit',	1,	0,	0,	1,	1,	0,	1,	0,	0,	0,	0,	15,	15,	4,	0,	0),
(168,	'2019-06-10 10:06:21',	'1',	2,	'Deepika Rawat',	'deepika.rawat@nangia.com',	'deepika.rawat@nangia.com',	'nangia-2016',	'',	'',	'Audit',	0,	0,	0,	1,	1,	0,	0,	0,	0,	0,	0,	15,	15,	15,	0,	1),
(169,	'2019-06-15 13:19:08',	'1',	2,	'Deepti Toshniwal',	'deepti.toshniwal@nangia.com',	'deepti.toshniwal@nangia.com',	'nangia-2016',	'',	'',	'Transfer Pricing',	1,	0,	0,	1,	1,	0,	1,	0,	0,	0,	0,	15,	15,	6,	0,	0),
(170,	'2019-06-15 13:19:00',	'1',	2,	'Esha Agarwal',	'esha.agarwal@nangia.com',	'esha.agarwal@nangia.com',	'nangia-2016',	'',	'',	'Audit',	1,	0,	0,	1,	1,	0,	1,	0,	0,	0,	0,	15,	15,	4,	0,	0),
(171,	'2019-07-10 05:21:43',	'1',	2,	'Gagandeep Baliyan',	'gagandeep.baliyan@nangia.com',	'gagandeep.baliyan@nangia.com',	'gagandeepbaliyanpassword',	'',	'',	'Direct Taxation',	1,	0,	0,	1,	1,	0,	1,	0,	0,	0,	0,	15,	15,	2,	0,	0),
(172,	'2019-06-15 13:15:51',	'1',	2,	'Gaurav Khanna',	'gaurav.khanna@nangia.com',	'gaurav.khanna@nangia.com',	'nangia-2016',	'',	'',	'Indirect Taxation',	1,	0,	0,	1,	1,	0,	1,	0,	0,	0,	0,	15,	15,	221,	0,	0),
(173,	'2019-07-05 09:17:30',	'1',	2,	'Gaurav Tonk',	'gaurav.tonk@nangia.com',	'gaurav.tonk@nangia.com',	'nangia-2016',	'',	'',	'Audit',	1,	0,	0,	1,	1,	0,	1,	0,	0,	0,	0,	15,	15,	4,	0,	0),
(174,	'2019-06-15 13:16:00',	'1',	2,	'Geetanjali Kathuria',	'geetanjali.kathuria@nangia.com',	'geetanjali.kathuria@nangia.com',	'nangia-2016',	'',	'',	'Indirect Taxation',	1,	0,	0,	1,	1,	0,	1,	0,	0,	0,	0,	15,	15,	221,	0,	0),
(175,	'2019-06-15 13:16:05',	'1',	2,	'Gulshan Kathuria',	'gulshan.kathuria@nangia.com',	'gulshan.kathuria@nangia.com',	'nangia-2016',	'',	'',	'Support',	1,	0,	0,	1,	1,	0,	1,	0,	0,	0,	0,	15,	15,	220,	0,	0),
(176,	'2019-06-15 13:16:15',	'1',	2,	'Gyansh Raheja',	'gyansh.raheja@nangia.com',	'gyansh.raheja@nangia.com',	'nangia-2016',	'',	'',	'Direct Taxation',	1,	0,	0,	1,	1,	0,	1,	0,	0,	0,	0,	15,	15,	2,	0,	0),
(177,	'2019-06-15 13:16:20',	'1',	2,	'Hansa Bansal',	'hansa.bansal@nangia.com',	'hansa.bansal@nangia.com',	'nangia-2016',	'',	'',	'Transfer Pricing',	1,	0,	0,	1,	1,	0,	1,	0,	0,	0,	0,	15,	15,	6,	0,	0),
(178,	'2019-07-05 10:51:36',	'1',	2,	'Happy Agarwal',	'happy.agarwal@nangia.com',	'happy.agarwal@nangia.com',	'nangia-2016',	'',	'',	'Audit',	1,	0,	0,	1,	1,	0,	1,	0,	0,	0,	0,	15,	15,	4,	0,	1),
(179,	'2019-06-15 13:16:33',	'1',	2,	'Harish Sharma',	'harish.sharma@nangia.com',	'harish.sharma@nangia.com',	'nangia-2016',	'',	'',	'M & A Tax',	1,	0,	0,	1,	1,	0,	1,	0,	0,	0,	0,	15,	15,	6,	0,	0),
(180,	'2019-06-15 13:16:39',	'1',	2,	'Harjinder Singh',	'harjinder.singh@nangia.com',	'harjinder.singh@nangia.com',	'nangia-2016',	'',	'',	'Indirect Taxation',	1,	0,	0,	1,	1,	0,	1,	0,	0,	0,	0,	15,	15,	221,	0,	0),
(181,	'2019-06-15 13:16:44',	'1',	2,	'Harshita Gupta',	'harshita.gupta@nangia.com',	'harshita.gupta@nangia.com',	'nangia-2016',	'',	'',	'Audit',	1,	0,	0,	1,	1,	0,	1,	0,	0,	0,	0,	15,	15,	4,	0,	0),
(182,	'2019-06-12 00:12:35',	'1',	2,	'Harshita Sharma',	'harshita.sharma@nangia.com',	'harshita.sharma@nangia.com',	'nangia-2016',	'',	'',	'M & A Tax',	1,	0,	0,	1,	1,	0,	0,	0,	0,	0,	0,	15,	15,	6,	0,	0),
(183,	'2019-06-15 13:16:50',	'1',	2,	'Heena Jain',	'heena.jain@nangia.com',	'heena.jain@nangia.com',	'nangia-2016',	'',	'',	'Transfer Pricing',	1,	0,	0,	1,	1,	0,	1,	0,	0,	0,	0,	15,	15,	6,	0,	0),
(184,	'2019-06-15 13:16:57',	'1',	2,	'Hemank Arora',	'hemank.arora@nangia.com',	'hemank.arora@nangia.com',	'nangia-2016',	'',	'',	'Indirect Taxation',	1,	0,	0,	1,	1,	0,	1,	0,	0,	0,	0,	15,	15,	221,	0,	0),
(185,	'2019-06-15 13:17:04',	'1',	2,	'Hemant Kotwani',	'hemant.kotwani@nangia.com',	'hemant.kotwani@nangia.com',	'nangia-2016',	'',	'',	'Indirect Taxation',	1,	0,	0,	1,	1,	0,	1,	0,	0,	0,	0,	15,	15,	221,	0,	0),
(186,	'2019-06-15 13:17:39',	'1',	2,	'Himani Porwal',	'himani.porwal@nangia.com',	'himani.porwal@nangia.com',	'nangia-2016',	'',	'',	'Direct Taxation',	1,	0,	0,	1,	1,	0,	1,	0,	0,	0,	0,	15,	15,	2,	0,	0),
(187,	'2019-06-15 13:17:49',	'1',	2,	'Himanshu Agarwal',	'himanshu.agarwal@nangia.com',	'himanshu.agarwal@nangia.com',	'nangia-2016',	'',	'',	'Audit',	1,	0,	0,	1,	1,	0,	1,	0,	0,	0,	0,	15,	15,	4,	0,	0),
(188,	'2019-06-15 13:18:01',	'1',	2,	'Himanshu Arora',	'himanshu.arora@nangia.com',	'himanshu.arora@nangia.com',	'nangia-2016',	'',	'',	'Indirect Taxation',	1,	0,	0,	1,	1,	0,	1,	0,	0,	0,	0,	15,	15,	221,	0,	0),
(189,	'2019-06-15 13:18:10',	'1',	2,	'Himanshu Batra',	'himanshu.batra@nangia.com',	'himanshu.batra@nangia.com',	'nangia-2016',	'',	'',	'Indirect Taxation',	1,	0,	0,	1,	1,	0,	1,	0,	0,	0,	0,	15,	15,	221,	0,	0),
(190,	'2019-06-15 13:18:16',	'1',	2,	'Himshweta Sati',	'himshweta.sati@nangia.com',	'himshweta.sati@nangia.com',	'nangia-2016',	'',	'',	'Indirect Taxation',	1,	0,	0,	1,	1,	0,	1,	0,	0,	0,	0,	15,	15,	221,	0,	0),
(191,	'2019-06-15 13:18:24',	'1',	2,	'Ilma Ali',	'ilma.ali@nangia.com',	'ilma.ali@nangia.com',	'nangia-2016',	'',	'',	'Indirect Taxation',	1,	0,	0,	1,	1,	0,	1,	0,	0,	0,	0,	15,	15,	221,	0,	0),
(192,	'2019-06-15 13:18:30',	'1',	2,	'Ishita Malik',	'ishita.malik@nangia.com',	'ishita.malik@nangia.com',	'nangia-2016',	'',	'',	'M & A Tax',	1,	0,	0,	1,	1,	0,	1,	0,	0,	0,	0,	15,	15,	6,	0,	0),
(193,	'2019-06-15 13:18:36',	'1',	2,	'Kajal Ahluwalia',	'kajal.ahluwalia@nangia.com',	'kajal.ahluwalia@nangia.com',	'nangia-2016',	'',	'',	'Audit',	1,	0,	0,	1,	1,	0,	1,	0,	0,	0,	0,	15,	15,	4,	0,	0),
(194,	'2019-06-15 13:15:31',	'1',	2,	'Karan Katyal',	'karan.katyal@nangia.com',	'karan.katyal@nangia.com',	'nangia-2016',	'',	'',	'Transfer Pricing',	1,	0,	0,	1,	1,	0,	1,	0,	0,	0,	0,	15,	15,	6,	0,	0),
(195,	'2019-07-05 10:49:56',	'1',	2,	'Kartik Jhingan',	'kartik.jhingan@nangia.com',	'kartik.jhingan@nangia.com',	'nangia-2016',	'',	'',	'Transfer Pricing',	1,	0,	0,	1,	1,	0,	1,	0,	0,	0,	0,	15,	15,	7,	0,	1),
(196,	'2019-06-15 13:15:15',	'1',	2,	'Kashish Gupta',	'kashish.gupta@nangia.com',	'kashish.gupta@nangia.com',	'nangia-2016',	'',	'',	'Direct Taxation',	1,	0,	0,	1,	1,	0,	1,	0,	0,	0,	0,	15,	15,	2,	0,	0),
(197,	'2019-06-15 13:15:07',	'1',	2,	'Kritika Kapoor',	'kritika.kapoor@nangia.com',	'kritika.kapoor@nangia.com',	'nangia-2016',	'',	'',	'Direct Taxation',	1,	0,	0,	1,	1,	0,	1,	0,	0,	0,	0,	15,	15,	2,	0,	0),
(198,	'2019-06-15 13:15:00',	'1',	2,	'Kshitij Chitransh',	'kshitij.chitransh@nangia.com',	'kshitij.chitransh@nangia.com',	'nangia-2016',	'',	'',	'Transfer Pricing',	1,	0,	0,	1,	1,	0,	1,	0,	0,	0,	0,	15,	15,	7,	0,	0),
(199,	'2019-06-15 13:14:54',	'1',	2,	'Kuldeep Singh',	'kuldeep.singh@nangia.com',	'kuldeep.singh@nangia.com',	'nangia-2016',	'',	'',	'Indirect Taxation',	1,	0,	0,	1,	1,	0,	1,	0,	0,	0,	0,	15,	15,	221,	0,	0),
(200,	'2019-07-18 13:51:02',	'1',	2,	'Kunal Aggarwal',	'kunal.aggarwal@nangia.com',	'kunal.aggarwal@nangia.com',	'nangia-2016',	'',	'',	'Transfer Pricing',	1,	0,	0,	1,	1,	0,	1,	1,	0,	0,	0,	15,	15,	6,	0,	0),
(201,	'2019-06-15 13:14:39',	'1',	2,	'Kunal Goel',	'kunal.goel@nangia.com',	'kunal.goel@nangia.com',	'nangia-2016',	'',	'',	'Audit',	1,	0,	0,	1,	1,	0,	1,	0,	0,	0,	0,	15,	15,	4,	0,	0),
(202,	'2019-06-15 13:14:31',	'1',	2,	'Kunal Goomer',	'kunal.goomer@nangia.com',	'kunal.goomer@nangia.com',	'nangia-2016',	'',	'',	'Audit',	1,	0,	0,	1,	1,	0,	1,	0,	0,	0,	0,	15,	15,	4,	0,	0),
(203,	'2019-06-15 13:14:11',	'1',	2,	'Lakshay Sharma',	'lakshay.sharma@nangia.com',	'lakshay.sharma@nangia.com',	'nangia-2016',	'',	'',	'M & A Tax',	1,	0,	0,	1,	1,	0,	1,	0,	0,	0,	0,	15,	15,	6,	0,	0),
(204,	'2019-07-05 09:20:30',	'1',	2,	'Lisha Khurana',	'lisha.khurana@nangia.com',	'lisha.khurana@nangia.com',	'nangia-2016',	'',	'',	'Audit',	1,	0,	0,	1,	1,	0,	1,	0,	0,	0,	0,	15,	15,	4,	0,	0),
(205,	'2019-06-15 13:13:58',	'1',	2,	'Luv Arora',	'luv.arora@nangia.com',	'luv.arora@nangia.com',	'nangia-2016',	'',	'',	'Audit',	1,	0,	0,	1,	1,	0,	1,	0,	0,	0,	0,	15,	15,	4,	0,	0),
(206,	'2019-06-15 13:13:51',	'1',	2,	'Madhur Trika',	'madhur.trika@nangia.com',	'madhur.trika@nangia.com',	'nangia-2016',	'',	'',	'Direct Taxation',	1,	0,	0,	1,	1,	0,	1,	0,	0,	0,	0,	15,	15,	2,	0,	0),
(207,	'2019-06-15 13:13:46',	'1',	2,	'Madhvi Saxena',	'madhvi.saxena@nangia.com',	'madhvi.saxena@nangia.com',	'nangia-2016',	'',	'',	'Compliance',	1,	0,	0,	1,	1,	0,	1,	0,	0,	0,	0,	15,	15,	15,	0,	0),
(208,	'2019-06-15 13:13:39',	'1',	2,	'Manasvi Gupta',	'manasvi.gupta@nangia.com',	'manasvi.gupta@nangia.com',	'nangia-2016',	'',	'',	'M & A Tax',	1,	0,	0,	1,	1,	0,	1,	0,	0,	0,	0,	15,	15,	6,	0,	0),
(209,	'2019-06-15 13:13:33',	'1',	2,	'Manish Chawla',	'manish.chawla@nangia.com',	'manish.chawla@nangia.com',	'nangia-2016',	'',	'',	'Direct Taxation',	1,	0,	0,	1,	1,	0,	1,	0,	0,	0,	0,	15,	15,	2,	0,	0),
(210,	'2019-06-15 13:13:27',	'1',	2,	'Manish Yadav',	'manish.yadav@nangia.com',	'manish.yadav@nangia.com',	'nangia-2016',	'',	'',	'Direct Taxation',	1,	0,	0,	1,	1,	0,	1,	0,	0,	0,	0,	15,	15,	2,	0,	0),
(211,	'2019-07-05 10:51:25',	'1',	2,	'Manshul Wadhwa',	'manshul.wadhwa@nangia.com',	'manshul.wadhwa@nangia.com',	'nangia-2016',	'',	'',	'Audit',	1,	0,	0,	1,	1,	0,	1,	0,	0,	0,	0,	15,	15,	4,	0,	1),
(212,	'2019-06-15 13:13:16',	'1',	2,	'Mansi Jain',	'mansi.jain@nangia.com',	'mansi.jain@nangia.com',	'nangia-2016',	'',	'',	'M & A Tax',	1,	0,	0,	1,	1,	0,	1,	0,	0,	0,	0,	15,	15,	6,	0,	0),
(213,	'2019-06-15 13:13:04',	'1',	2,	'Mayank Hajela',	'mayank.hajela@nangia.com',	'mayank.hajela@nangia.com',	'nangia-2016',	'',	'',	'Audit',	1,	0,	0,	1,	1,	0,	1,	0,	0,	0,	0,	15,	15,	4,	0,	0),
(214,	'2019-06-15 13:12:57',	'1',	2,	'Mayank Jain',	'mayank.jain@nangia.com',	'mayank.jain@nangia.com',	'nangia-2016',	'',	'',	'Audit',	1,	0,	0,	1,	1,	0,	1,	0,	0,	0,	0,	15,	15,	4,	0,	0),
(215,	'2019-06-15 13:12:51',	'1',	2,	'Mayur Kulshreshtha',	'mayur.kulshreshtha@nangia.com',	'mayur.kulshreshtha@nangia.com',	'nangia-2016',	'',	'',	'Audit',	1,	0,	0,	1,	1,	0,	1,	0,	0,	0,	0,	15,	15,	4,	0,	0),
(216,	'2019-06-20 09:14:35',	'1',	2,	'Meenu Ahuja',	'meenu.ahuja@nangia.com',	'meenu.ahuja@nangia.com',	'nangia-2016',	'',	'',	'M & A Tax',	1,	0,	0,	1,	1,	0,	1,	0,	0,	0,	0,	15,	15,	6,	0,	0),
(217,	'2019-06-15 13:12:35',	'1',	2,	'Meenu Wadhawan',	'meenu.wadhawan@nangia.com',	'meenu.wadhawan@nangia.com',	'nangia-2016',	'',	'',	'Transfer Pricing',	1,	0,	0,	1,	1,	0,	1,	0,	0,	0,	0,	15,	15,	7,	0,	0),
(218,	'2019-06-15 13:12:28',	'1',	2,	'Megha Saxena',	'megha.saxena@nangia.com',	'megha.saxena@nangia.com',	'nangia-2016',	'',	'',	'Direct Taxation',	1,	0,	0,	1,	1,	0,	1,	0,	0,	0,	0,	15,	15,	2,	0,	0),
(219,	'2019-07-05 10:01:28',	'1',	2,	'Mohit Bansal',	'mohit.bansal@nangia.com',	'mohit.bansal@nangia.com',	'nangia-2016',	'',	'',	'Indirect Taxation',	1,	0,	0,	1,	1,	0,	1,	0,	0,	0,	0,	15,	15,	221,	0,	0),
(220,	'2019-07-19 08:15:28',	'1',	3,	'Vishant Gupta',	'vishant.gupta@nangia.com',	'vishant.gupta@nangia.com',	'nangia-2013',	'',	'',	'IT',	1,	0,	0,	1,	0,	0,	1,	0,	0,	0,	0,	15,	15,	0,	0,	0),
(221,	'2019-06-19 06:57:44',	'1',	3,	'Himanshu Relan',	'himanshu.relan@nangia.com',	'himanshu.relan@nangia.com',	'nangia-2013',	'',	'',	'Indirect Taxation',	1,	0,	0,	1,	0,	0,	1,	0,	0,	0,	0,	15,	15,	0,	0,	0),
(222,	'2019-06-19 06:57:44',	'1',	2,	'test',	'test@gmail.com',	'test@gmail.com',	'nangia2013',	'',	'',	'test',	0,	0,	0,	0,	0,	0,	0,	0,	0,	0,	0,	15,	15,	6,	0,	1),
(223,	'2019-06-19 06:57:44',	'1',	2,	'test',	'test@ggg.ll',	'test@ggg.ll',	'nangia2013',	'',	'',	'sss',	0,	0,	0,	0,	0,	0,	0,	0,	0,	0,	0,	15,	15,	6,	0,	1),
(225,	'2019-07-09 08:11:44',	'1',	3,	'Anupam Jain',	'anupam.jain@nangia.com',	'anupam.jain@nangia.com',	'nangia-2013',	'',	'',	'Direct Taxation',	1,	0,	0,	1,	0,	0,	1,	0,	0,	0,	0,	15,	15,	0,	0,	0),
(226,	'2019-07-09 08:11:41',	'1',	3,	'Vikram Pratap',	'vikram.pratap@nangia.com',	'vikram.pratap@nangia.com',	'nangia-2013',	'',	'',	'Audit',	1,	0,	0,	1,	0,	0,	1,	0,	0,	0,	0,	15,	15,	0,	0,	0),
(227,	'2019-07-09 08:11:38',	'1',	3,	'Adarsh Rathi',	'adarsh.rathi@nangia.com',	'adarsh.rathi@nangia.com',	'nangia-2013',	'',	'',	'Transfer Pricing',	1,	0,	0,	1,	0,	0,	1,	0,	0,	0,	0,	15,	15,	0,	0,	0),
(228,	'2019-07-09 08:20:22',	'1',	2,	'Piush Jindal',	'piush.jindal@nangia.com',	'piush.jindal@nangia.com',	'nangia-2016',	'',	'',	'Direct Taxation',	1,	0,	0,	1,	0,	0,	1,	0,	0,	0,	0,	15,	15,	229,	0,	0),
(229,	'2019-07-09 08:11:34',	'1',	3,	'Sandeep Jhunjhunwala',	'sandeep.jhunjhunwala@nangia.com',	'sandeep.jhunjhunwala@nangia.com',	'nangia-2013',	'',	'',	'Direct Taxation',	1,	0,	0,	1,	0,	0,	1,	0,	0,	0,	0,	15,	15,	0,	0,	0),
(230,	'2019-07-09 08:23:12',	'1',	2,	'Manish Gupta',	'manish.gupta@nangia.com',	'manish.gupta@nangia.com',	'nangia-2016',	'',	'',	'Transfer Pricing',	1,	0,	0,	1,	0,	0,	1,	0,	0,	0,	0,	15,	15,	227,	0,	0),
(231,	'2019-07-09 08:23:03',	'1',	2,	'Sonam Agarwalla',	'sonam.agarwalla@nangia.com',	'sonam.agarwalla@nangia.com',	'nangia-2016',	'',	'',	'Transfer Pricing',	1,	0,	0,	1,	0,	0,	1,	0,	0,	0,	0,	15,	15,	227,	0,	0),
(232,	'2019-07-09 08:11:29',	'1',	3,	'Aravind Srivatsan',	'aravind.srivatsan@nangia.com',	'aravind.srivatsan@nangia.com',	'nangia-2013',	'',	'',	'Direct Taxation',	1,	0,	0,	1,	0,	0,	1,	0,	0,	0,	0,	15,	15,	0,	0,	0),
(233,	'2019-07-09 08:19:48',	'1',	2,	'Lakshmi Sankar',	'lakshmi.sankar@nangia.com',	'lakshmi.sankar@nangia.com',	'nangia-2016',	'',	'',	'Direct Taxation',	1,	0,	0,	1,	0,	0,	1,	0,	0,	0,	0,	15,	15,	232,	0,	0),
(234,	'2019-07-09 08:24:29',	'1',	2,	'Anchal Mittal',	'anchal.mittal@nangia.com',	'anchal.mittal@nangia.com',	'nangia-2016',	'',	'',	'Audit',	1,	0,	0,	1,	0,	0,	1,	0,	0,	0,	0,	15,	15,	226,	0,	0),
(235,	'2019-07-09 08:24:33',	'1',	2,	'Divyam Agarwal',	'divyam.agarwal@nangia.com',	'divyam.agarwal@nangia.com',	'nangia-2016',	'',	'',	'Audit',	1,	0,	0,	1,	0,	0,	1,	0,	0,	0,	0,	15,	15,	226,	0,	0),
(236,	'2019-07-09 08:57:47',	'1',	2,	'Itesh Dodhi',	'itesh.dodhi@nangia.com',	'itesh.dodhi@nangia.com',	'nangia-2016',	'',	'',	'Direct Taxation',	1,	0,	0,	1,	0,	0,	1,	0,	0,	0,	0,	15,	15,	2,	0,	0),
(237,	'2019-07-09 08:24:37',	'1',	2,	'Sagarika Mitra',	'sagarika.mitra@nangia.com',	'sagarika.mitra@nangia.com',	'nangia-2016',	'',	'',	'Audit',	1,	0,	0,	1,	0,	0,	1,	0,	0,	0,	0,	15,	15,	226,	0,	0),
(238,	'2019-07-09 08:24:40',	'1',	2,	'Shivam Aggarwal',	'shivam.aggarwal@nangia.com',	'shivam.aggarwal@nangia.com',	'nangia-2016',	'',	'',	'Audit',	1,	0,	0,	1,	0,	0,	1,	0,	0,	0,	0,	15,	15,	226,	0,	0),
(239,	'2019-07-09 08:57:43',	'1',	2,	'Shrishti Bhardwaj',	'shrishti.bhardwaj@nangia.com',	'shrishti.bhardwaj@nangia.com',	'nangia-2016',	'',	'',	'Direct Taxation',	1,	0,	0,	1,	0,	0,	1,	0,	0,	0,	0,	15,	15,	2,	0,	0),
(240,	'2019-07-09 08:57:40',	'1',	2,	'Shubham Negi',	'shubham.negi@nangia.com',	'shubham.negi@nangia.com',	'nangia-2016',	'',	'',	'Direct Taxation',	1,	0,	0,	1,	0,	0,	1,	0,	0,	0,	0,	15,	15,	2,	0,	0),
(241,	'2019-07-09 08:24:44',	'1',	2,	'Shubhom Chakravorty',	'shubhom.chakravorty@nangia.com',	'shubhom.chakravorty@nangia.com',	'nangia-2016',	'',	'',	'Audit',	1,	0,	0,	1,	0,	0,	1,	0,	0,	0,	0,	15,	15,	226,	0,	0),
(242,	'2019-07-09 08:57:36',	'1',	2,	'Yash Chawla',	'yash.chawla@nangia.com',	'yash.chawla@nangia.com',	'nangia-2016',	'',	'',	'Direct Taxation',	1,	0,	0,	1,	0,	0,	1,	0,	0,	0,	0,	15,	15,	2,	0,	0),
(243,	'2019-07-09 08:24:48',	'1',	2,	'Gagan Jaggi',	'gagan.jaggi@nangia.com',	'gagan.jaggi@nangia.com',	'nangia-2016',	'',	'',	'Audit',	1,	0,	0,	1,	0,	0,	1,	0,	0,	0,	0,	15,	15,	226,	0,	0),
(244,	'2019-07-09 08:24:53',	'1',	2,	'Manisha Bhatia',	'manisha.bhatia@nangia.com',	'manisha.bhatia@nangia.com',	'nangia-2016',	'',	'',	'Audit',	1,	0,	0,	1,	0,	0,	1,	0,	0,	0,	0,	15,	15,	226,	0,	0),
(245,	'2019-07-09 08:24:57',	'1',	2,	'Nikita Kanojia',	'nikita.kanojia@nangia.com',	'nikita.kanojia@nangia.com',	'nangia-2016',	'',	'',	'Audit',	1,	0,	0,	1,	0,	0,	1,	0,	0,	0,	0,	15,	15,	226,	0,	0),
(246,	'2019-07-09 08:25:01',	'1',	2,	'Nitish Mittal',	'nitish.mittal@nangia.com',	'nitish.mittal@nangia.com',	'nangia-2016',	'',	'',	'Audit',	1,	0,	0,	1,	0,	0,	1,	0,	0,	0,	0,	15,	15,	226,	0,	0),
(247,	'2019-07-09 08:25:05',	'1',	2,	'Paritosh Bhatnagar',	'paritosh.bhatnagar@nangia.com',	'paritosh.bhatnagar@nangia.com',	'nangia-2016',	'',	'',	'Audit',	1,	0,	0,	1,	0,	0,	1,	0,	0,	0,	0,	15,	15,	226,	0,	0),
(248,	'2019-07-09 08:57:32',	'1',	2,	'Safoora Ansari',	'safoora.ansari@nangia.com',	'safoora.ansari@nangia.com',	'nangia-2016',	'',	'',	'Direct Taxation',	1,	0,	0,	1,	0,	0,	1,	0,	0,	0,	0,	15,	15,	2,	0,	0),
(249,	'2019-07-09 08:48:07',	'1',	2,	'Jatin Singh',	'jatin.singh@nangia.com',	'jatin.singh@nangia.com',	'nangia-2016',	'',	'',	'Audit',	1,	0,	0,	1,	0,	0,	1,	0,	0,	0,	0,	15,	15,	10,	0,	0),
(250,	'2019-07-09 08:47:59',	'1',	2,	'Aditya Maheshwari',	'aditya.maheshwari@nangia.com',	'aditya.maheshwari@nangia.com',	'nangia-2016',	'',	'',	'Audit',	1,	0,	0,	1,	0,	0,	1,	0,	0,	0,	0,	15,	15,	10,	0,	0),
(251,	'2019-07-05 13:51:02',	'1',	2,	'Mitasha Kaul',	'mitasha.kaul@nangia.com',	'mitasha.kaul@nangia.com',	'nangia2013',	'',	'',	'Audit',	1,	0,	0,	1,	0,	0,	1,	0,	0,	0,	0,	15,	15,	0,	0,	0),
(252,	'2019-07-09 08:47:51',	'1',	2,	'Sudipti Palgotra',	'sudipti.palgotra@nangia.com',	'sudipti.palgotra@nangia.com',	'nangia-2016',	'',	'',	'Audit',	1,	0,	0,	1,	0,	0,	1,	0,	0,	0,	0,	15,	15,	10,	0,	0),
(253,	'2019-07-09 08:47:44',	'1',	2,	'Vinayika Arya',	'vinayika.arya@nangia.com',	'vinayika.arya@nangia.com',	'nangia-2016',	'',	'',	'Audit',	1,	0,	0,	1,	0,	0,	1,	0,	0,	0,	0,	15,	15,	10,	0,	0),
(254,	'2019-07-09 08:46:11',	'1',	2,	'Arpana Singh',	'arpana.singh@nangia.com',	'arpana.singh@nangia.com',	'nangia-2016',	'',	'',	'Audit',	1,	0,	0,	1,	0,	0,	1,	0,	0,	0,	0,	15,	15,	14,	0,	0),
(255,	'2019-07-09 08:11:26',	'1',	3,	'Sudin Sabnis',	'sudin.sabnis@nangia.com',	'sudin.sabnis@nangia.com',	'nangia-2013',	'',	'',	'Financial Services',	1,	0,	0,	1,	0,	0,	1,	0,	0,	0,	0,	15,	15,	0,	0,	0),
(256,	'2019-07-09 08:19:11',	'1',	2,	'Tanvi Nadkarni',	'tanvi.nadkarni@nangia.com',	'tanvi.nadkarni@nangia.com',	'nangia-2016',	'',	'',	'Financial Services',	1,	0,	0,	1,	0,	0,	1,	0,	0,	0,	0,	15,	15,	255,	0,	0),
(257,	'2019-07-09 08:19:14',	'1',	2,	'Harsh Lalwani',	'harsh.lalwani@nangia.com',	'harsh.lalwani@nangia.com',	'nangia-2016',	'',	'',	'Financial Services',	1,	0,	0,	1,	0,	0,	1,	0,	0,	0,	0,	15,	15,	255,	0,	0),
(258,	'2019-07-09 08:19:18',	'1',	2,	'Samruddhi Shah',	'samruddhi.shah@nangia.com',	'samruddhi.shah@nangia.com',	'nangia-2016',	'',	'',	'Financial Services',	1,	0,	0,	1,	0,	0,	1,	0,	0,	0,	0,	15,	15,	255,	0,	0),
(259,	'2019-07-09 08:52:39',	'1',	2,	'Sophia Hegnauer',	'sophia.hegnauer@nangia.com',	'sophia.hegnauer@nangia.com',	'nangia-2016',	'',	'',	'German Business Desk',	1,	0,	0,	1,	0,	0,	1,	0,	0,	0,	0,	15,	15,	3,	0,	0),
(260,	'2019-07-09 08:19:21',	'1',	2,	'Yash Mehta',	'yash.mehta@nangia.com',	'yash.mehta@nangia.com',	'nangia-2016',	'',	'',	'Financial Services',	1,	0,	0,	1,	0,	0,	1,	0,	0,	0,	0,	15,	15,	255,	0,	0),
(261,	'2019-07-08 10:17:03',	'1',	3,	'Neeraj Agarwala',	'neeraj.agarwala@nangia.com',	'neeraj.agarwala@nangia.com',	'nangia-2013',	'',	'',	'Direct Taxation',	1,	0,	0,	1,	0,	0,	1,	0,	0,	0,	0,	15,	15,	0,	0,	0),
(262,	'2019-07-09 08:17:54',	'1',	2,	'Anushka Waghela',	'anushka.waghela@nangia.com',	'anushka.waghela@nangia.com',	'nangia-2016',	'',	'',	'Direct Taxation',	1,	0,	0,	1,	0,	0,	1,	0,	0,	0,	0,	15,	15,	261,	0,	0),
(263,	'2019-07-09 08:17:44',	'1',	2,	'Pooja Agrahari',	'pooja.agrahari@nangia.com',	'pooja.agrahari@nangia.com',	'nangia-2016',	'',	'',	'Direct Taxation',	1,	0,	0,	1,	0,	0,	1,	0,	0,	0,	0,	15,	15,	261,	0,	0),
(264,	'2019-07-09 08:11:23',	'1',	3,	'Sunil Gidwani',	'sunil.gidwani@nangia.com',	'sunil.gidwani@nangia.com',	'nangia-2013',	'',	'',	'Direct Taxation',	1,	0,	0,	1,	0,	0,	1,	0,	0,	0,	0,	15,	15,	0,	0,	0),
(265,	'2019-07-09 08:17:39',	'1',	2,	'Aditi Palande',	'aditi.palande@nangia.com',	'aditi.palande@nangia.com',	'nangia-2016',	'',	'',	'Direct Taxation',	1,	0,	0,	1,	0,	0,	1,	0,	0,	0,	0,	15,	15,	261,	0,	0),
(266,	'2019-07-09 08:52:46',	'1',	2,	'Amit Pathak',	'amit.pathak@nangia.com',	'amit.pathak@nangia.com',	'nangia-2016',	'',	'',	'Financial Services',	1,	0,	0,	1,	0,	0,	1,	0,	0,	0,	0,	15,	15,	3,	0,	0),
(267,	'2019-07-09 08:17:34',	'1',	2,	'Arpita Patel',	'arpita.patel@nangia.com',	'arpita.patel@nangia.com',	'nangia-2016',	'',	'',	'Direct Taxation',	1,	0,	0,	1,	0,	0,	1,	0,	0,	0,	0,	15,	15,	261,	0,	0),
(268,	'2019-07-09 08:17:29',	'1',	2,	'Ashwini Tijare',	'ashwini.tijare@nangia.com',	'ashwini.tijare@nangia.com',	'nangia-2016',	'',	'',	'Direct Taxation',	1,	0,	0,	1,	0,	0,	1,	0,	0,	0,	0,	15,	15,	261,	0,	0),
(269,	'2019-07-09 08:17:25',	'1',	2,	'Bhavish Dolani',	'bhavish.dolani@nangia.com',	'bhavish.dolani@nangia.com',	'nangia-2016',	'',	'',	'Direct Taxation',	1,	0,	0,	1,	0,	0,	1,	0,	0,	0,	0,	15,	15,	261,	0,	0),
(270,	'2019-07-09 08:17:21',	'1',	2,	'Devang Beria',	'devang.beria@nangia.com',	'devang.beria@nangia.com',	'nangia-2016',	'',	'',	'Direct Taxation',	1,	0,	0,	1,	0,	0,	1,	0,	0,	0,	0,	15,	15,	261,	0,	0),
(271,	'2019-07-09 08:17:17',	'1',	2,	'Jyotsna Rawal',	'jyotsna.rawal@nangia.com',	'jyotsna.rawal@nangia.com',	'nangia-2016',	'',	'',	'Direct Taxation',	1,	0,	0,	1,	0,	0,	1,	0,	0,	0,	0,	15,	15,	261,	0,	0),
(272,	'2019-07-09 08:17:13',	'1',	2,	'Karan Shah',	'karan.shah@nangia.com',	'karan.shah@nangia.com',	'nangia-2016',	'',	'',	'Direct Taxation',	1,	0,	0,	1,	0,	0,	1,	0,	0,	0,	0,	15,	15,	261,	0,	0),
(273,	'2019-07-09 08:17:09',	'1',	2,	'Khushboo Shah',	'khushboo.shah@nangia.com',	'khushboo.shah@nangia.com',	'nangia-2016',	'',	'',	'Direct Taxation',	1,	0,	0,	1,	0,	0,	1,	0,	0,	0,	0,	15,	15,	261,	0,	0),
(274,	'2019-07-09 08:17:05',	'1',	2,	'Kishan Mundhra',	'kishan.mundhra@nangia.com',	'kishan.mundhra@nangia.com',	'nangia-2016',	'',	'',	'Direct Taxation',	1,	0,	0,	1,	0,	0,	1,	0,	0,	0,	0,	15,	15,	261,	0,	0),
(275,	'2019-07-09 08:17:00',	'1',	2,	'Laxmi Chaurasiya',	'laxmi.chaurasiya@nangia.com',	'laxmi.chaurasiya@nangia.com',	'nangia-2016',	'',	'',	'Direct Taxation',	1,	0,	0,	1,	0,	0,	1,	0,	0,	0,	0,	15,	15,	261,	0,	0),
(276,	'2019-07-09 08:16:55',	'1',	2,	'Madhav Ladha',	'madhav.ladha@nangia.com',	'madhav.ladha@nangia.com',	'nangia-2016',	'',	'',	'Direct Taxation',	1,	0,	0,	1,	0,	0,	1,	0,	0,	0,	0,	15,	15,	261,	0,	0),
(277,	'2019-07-09 08:16:46',	'1',	2,	'Manjari Jaisansaria',	'manjari.jaisansaria@nangia.com',	'manjari.jaisansaria@nangia.com',	'nangia-2016',	'',	'',	'Direct Taxation',	1,	0,	0,	1,	0,	0,	1,	0,	0,	0,	0,	15,	15,	261,	0,	0),
(278,	'2019-07-09 08:18:39',	'1',	2,	'Maruti Kubal',	'maruti.kubal@nangia.com',	'maruti.kubal@nangia.com',	'nangia-2016',	'',	'',	'Direct Taxation',	1,	0,	0,	1,	0,	0,	1,	0,	0,	0,	0,	15,	15,	261,	0,	0),
(279,	'2019-07-09 08:18:36',	'1',	2,	'Mayur Hariya',	'mayur.hariya@nangia.com',	'mayur.hariya@nangia.com',	'nangia-2016',	'',	'',	'Direct Taxation',	1,	0,	0,	1,	0,	0,	1,	0,	0,	0,	0,	15,	15,	261,	0,	0),
(280,	'2019-07-09 08:18:32',	'1',	2,	'Mohit Kabra',	'mohit.kabra@nangia.com',	'mohit.kabra@nangia.com',	'nangia-2016',	'',	'',	'Direct Taxation',	1,	0,	0,	1,	0,	0,	1,	0,	0,	0,	0,	15,	15,	261,	0,	0),
(281,	'2019-07-09 08:14:43',	'1',	2,	'Mohit Kalot',	'mohit.kalot@nangia.com',	'mohit.kalot@nangia.com',	'nangia-2016',	'',	'',	'Direct Taxation',	1,	0,	0,	1,	0,	0,	1,	0,	0,	0,	0,	15,	15,	261,	0,	0),
(282,	'2019-07-09 08:14:47',	'1',	2,	'Nikita Bathija',	'nikita.bathija@nangia.com',	'nikita.bathija@nangia.com',	'nangia-2016',	'',	'',	'Direct Taxation',	1,	0,	0,	1,	0,	0,	1,	0,	0,	0,	0,	15,	15,	261,	0,	0),
(283,	'2019-07-09 08:14:53',	'1',	2,	'Nitin Kamble',	'nitin.kamble@nangia.com',	'nitin.kamble@nangia.com',	'nangia-2016',	'',	'',	'Direct Taxation',	1,	0,	0,	1,	0,	0,	1,	0,	0,	0,	0,	15,	15,	261,	0,	0),
(284,	'2019-07-09 08:14:57',	'1',	2,	'Payal Malhotra',	'payal.malhotra@nangia.com',	'payal.malhotra@nangia.com',	'nangia-2016',	'',	'',	'Direct Taxation',	1,	0,	0,	1,	0,	0,	1,	0,	0,	0,	0,	15,	15,	261,	0,	0),
(285,	'2019-07-09 08:15:01',	'1',	2,	'Pinal Shah',	'pinal.shah@nangia.com',	'pinal.shah@nangia.com',	'nangia-2016',	'',	'',	'Direct Taxation',	1,	0,	0,	1,	0,	0,	1,	0,	0,	0,	0,	15,	15,	261,	0,	0),
(286,	'2019-07-09 08:15:05',	'1',	2,	'Pradeep Singh',	'pradeep.singh@nangia.com',	'pradeep.singh@nangia.com',	'nangia-2016',	'',	'',	'Direct Taxation',	1,	0,	0,	1,	0,	0,	1,	0,	0,	0,	0,	15,	15,	261,	0,	0),
(287,	'2019-07-09 08:15:09',	'1',	2,	'Priya Tanwar',	'priya.tanwar@nangia.com',	'priya.tanwar@nangia.com',	'nangia-2016',	'',	'',	'Direct Taxation',	1,	0,	0,	1,	0,	0,	1,	0,	0,	0,	0,	15,	15,	261,	0,	0),
(288,	'2019-07-09 08:15:13',	'1',	2,	'Priyanka Chitroda',	'priyanka.chitroda@nangia.com',	'priyanka.chitroda@nangia.com',	'nangia-2016',	'',	'',	'Direct Taxation',	1,	0,	0,	1,	0,	0,	1,	0,	0,	0,	0,	15,	15,	261,	0,	0),
(289,	'2019-07-09 08:15:16',	'1',	2,	'Rajesh Rajpurohit',	'rajesh.rajpurohit@nangia.com',	'rajesh.rajpurohit@nangia.com',	'nangia-2016',	'',	'',	'Direct Taxation',	1,	0,	0,	1,	0,	0,	1,	0,	0,	0,	0,	15,	15,	261,	0,	0),
(290,	'2019-07-09 08:15:20',	'1',	2,	'Rupali Ramteke',	'rupali.ramteke@nangia.com',	'rupali.ramteke@nangia.com',	'nangia-2016',	'',	'',	'Direct Taxation',	1,	0,	0,	1,	0,	0,	1,	0,	0,	0,	0,	15,	15,	261,	0,	0),
(291,	'2019-07-09 08:15:23',	'1',	2,	'Shani Vishwakarma',	'shani.vishwakarma@nangia.com',	'shani.vishwakarma@nangia.com',	'nangia-2016',	'',	'',	'Direct Taxation',	1,	0,	0,	1,	0,	0,	1,	0,	0,	0,	0,	15,	15,	261,	0,	0),
(292,	'2019-07-09 08:15:27',	'1',	2,	'Sharon Jacob',	'sharon.jacob@nangia.com',	'sharon.jacob@nangia.com',	'nangia-2016',	'',	'',	'Direct Taxation',	1,	0,	0,	1,	0,	0,	1,	0,	0,	0,	0,	15,	15,	261,	0,	0),
(293,	'2019-07-09 08:15:31',	'1',	2,	'Sneha Ludbe',	'sneha.ludbe@nangia.com',	'sneha.ludbe@nangia.com',	'nangia-2016',	'',	'',	'Direct Taxation',	1,	0,	0,	1,	0,	0,	1,	0,	0,	0,	0,	15,	15,	261,	0,	0),
(294,	'2019-07-09 08:15:36',	'1',	2,	'Suraj Somani',	'suraj.somani@nangia.com',	'suraj.somani@nangia.com',	'nangia-2016',	'',	'',	'Direct Taxation',	1,	0,	0,	1,	0,	0,	1,	0,	0,	0,	0,	15,	15,	261,	0,	0),
(295,	'2019-07-09 08:15:40',	'1',	2,	'Viral Shah',	'viral.shah@nangia.com',	'viral.shah@nangia.com',	'nangia-2016',	'',	'',	'Direct Taxation',	1,	0,	0,	1,	0,	0,	1,	0,	0,	0,	0,	15,	15,	261,	0,	0),
(296,	'2019-07-09 08:15:46',	'1',	2,	'Yuvaraj Sawant',	'yuvaraj.sawant@nangia.com',	'yuvaraj.sawant@nangia.com',	'nangia-2016',	'',	'',	'Direct Taxation',	1,	0,	0,	1,	0,	0,	1,	0,	0,	0,	0,	15,	15,	261,	0,	0),
(297,	'2019-07-09 08:54:49',	'1',	2,	'Amit Jalan',	'amit.jalan@nangia.com',	'amit.jalan@nangia.com',	'nangia-2016',	'',	'',	'Audit',	1,	0,	0,	1,	0,	0,	1,	0,	0,	0,	0,	15,	15,	4,	0,	0),
(298,	'2019-07-09 08:54:53',	'1',	2,	'Archana Raghuraman',	'archana.raghuraman@nangia.com',	'archana.raghuraman@nangia.com',	'nangia-2016',	'',	'',	'Audit',	1,	0,	0,	1,	0,	0,	1,	0,	0,	0,	0,	15,	15,	4,	0,	0),
(299,	'2019-07-09 08:54:56',	'1',	2,	'Dharmesh Jain',	'dharmesh.jain@nangia.com',	'dharmesh.jain@nangia.com',	'nangia-2016',	'',	'',	'Audit',	1,	0,	0,	1,	0,	0,	1,	0,	0,	0,	0,	15,	15,	4,	0,	0),
(300,	'2019-07-09 08:55:00',	'1',	2,	'Gupta Pooja',	'gupta.pooja@nangia.com',	'gupta.pooja@nangia.com',	'nangia-2016',	'',	'',	'Audit',	1,	0,	0,	1,	0,	0,	1,	0,	0,	0,	0,	15,	15,	4,	0,	0),
(301,	'2019-07-09 08:55:04',	'1',	2,	'Hemangi Joshi',	'hemangi.joshi@nangia.com',	'hemangi.joshi@nangia.com',	'nangia-2016',	'',	'',	'Audit',	1,	0,	0,	1,	0,	0,	1,	0,	0,	0,	0,	15,	15,	4,	0,	0),
(302,	'2019-07-09 08:55:09',	'1',	2,	'Hitesh Wadhwa',	'hitesh.wadhwa@nangia.com',	'hitesh.wadhwa@nangia.com',	'nangia-2016',	'',	'',	'Audit',	1,	0,	0,	1,	0,	0,	1,	0,	0,	0,	0,	15,	15,	4,	0,	0),
(303,	'2019-07-09 08:55:13',	'1',	2,	'Hussain Sangam',	'hussain.sangam@nangia.com',	'hussain.sangam@nangia.com',	'nangia-2016',	'',	'',	'Audit',	1,	0,	0,	1,	0,	0,	1,	0,	0,	0,	0,	15,	15,	4,	0,	0),
(304,	'2019-07-09 08:55:18',	'1',	2,	'Jatin Vora',	'jatin.vora@nangia.com',	'jatin.vora@nangia.com',	'nangia-2016',	'',	'',	'Audit',	1,	0,	0,	1,	0,	0,	1,	0,	0,	0,	0,	15,	15,	4,	0,	0),
(305,	'2019-07-09 08:55:23',	'1',	2,	'Kulwinder Singh',	'kulwinder.singh@nangia.com',	'kulwinder.singh@nangia.com',	'nangia-2016',	'',	'',	'Audit',	1,	0,	0,	1,	0,	0,	1,	0,	0,	0,	0,	15,	15,	4,	0,	0),
(306,	'2019-07-09 08:55:27',	'1',	2,	'Lakshika Sindhi',	'lakshika.sindhi@nangia.com',	'lakshika.sindhi@nangia.com',	'nangia-2016',	'',	'',	'Audit',	1,	0,	0,	1,	0,	0,	1,	0,	0,	0,	0,	15,	15,	4,	0,	0),
(307,	'2019-07-09 08:55:33',	'1',	2,	'Palkin Thakrar',	'palkin.thakrar@nangia.com',	'palkin.thakrar@nangia.com',	'nangia-2016',	'',	'',	'Audit',	1,	0,	0,	1,	0,	0,	1,	0,	0,	0,	0,	15,	15,	4,	0,	0),
(308,	'2019-07-09 08:55:37',	'1',	2,	'Pankaj Vanjani',	'pankaj.vanjani@nangia.com',	'pankaj.vanjani@nangia.com',	'nangia-2016',	'',	'',	'Audit',	1,	0,	0,	1,	0,	0,	1,	0,	0,	0,	0,	15,	15,	4,	0,	0),
(309,	'2019-07-09 08:55:41',	'1',	2,	'Radhika Garg',	'radhika.garg@nangia.com',	'radhika.garg@nangia.com',	'nangia-2016',	'',	'',	'Audit',	1,	0,	0,	1,	0,	0,	1,	0,	0,	0,	0,	15,	15,	4,	0,	0),
(310,	'2019-07-09 08:55:46',	'1',	2,	'Shweta Yadav',	'shweta.yadav@nangia.com',	'shweta.yadav@nangia.com',	'nangia-2016',	'',	'',	'Audit',	1,	0,	0,	1,	0,	0,	1,	0,	0,	0,	0,	15,	15,	4,	0,	0),
(311,	'2019-07-09 08:55:49',	'1',	2,	'Vibha Jain',	'vibha.jain@nangia.com',	'vibha.jain@nangia.com',	'nangia-2016',	'',	'',	'Audit',	1,	0,	0,	1,	0,	0,	1,	0,	0,	0,	0,	15,	15,	4,	0,	0),
(312,	'2019-07-09 08:55:53',	'1',	2,	'Viral Visaria',	'viral.visaria@nangia.com',	'viral.visaria@nangia.com',	'nangia-2016',	'',	'',	'Audit',	1,	0,	0,	1,	0,	0,	1,	0,	0,	0,	0,	15,	15,	4,	0,	0),
(313,	'2019-07-09 08:25:08',	'1',	2,	'Pranav Vedalore',	'pranav.vedalore@nangia.com',	'pranav.vedalore@nangia.com',	'nangia-2016',	'',	'',	'Audit',	1,	0,	0,	1,	0,	0,	1,	0,	0,	0,	0,	15,	15,	226,	0,	0),
(314,	'2019-07-09 08:46:46',	'1',	2,	'Amit Gupta',	'amit.gupta@nangia.com',	'amit.gupta@nangia.com',	'nangia-2016',	'',	'',	'M & A Tax',	1,	0,	0,	1,	0,	0,	1,	0,	0,	0,	0,	15,	15,	13,	0,	0),
(315,	'2019-07-09 08:49:58',	'1',	2,	'Gaurav Bansal',	'gaurav.bansal@nangia.com',	'gaurav.bansal@nangia.com',	'nangia-2016',	'',	'',	'M & A Tax',	1,	0,	0,	1,	0,	0,	1,	0,	0,	0,	0,	15,	15,	6,	0,	0),
(316,	'2019-07-09 08:57:23',	'1',	2,	'Rajat Arora',	'rajat.arora@nangia.com',	'rajat.arora@nangia.com',	'nangia-2016',	'',	'',	'Direct Taxation',	1,	0,	0,	1,	0,	0,	1,	0,	0,	0,	0,	15,	15,	2,	0,	0),
(317,	'2019-07-09 08:46:48',	'1',	2,	'Vaibhav Garg',	'vaibhav.garg@nangia.com',	'vaibhav.garg@nangia.com',	'nangia-2016',	'',	'',	'M & A Tax',	1,	0,	0,	1,	0,	0,	1,	0,	0,	0,	0,	15,	15,	13,	0,	0),
(318,	'2019-07-09 08:55:57',	'1',	2,	'Shubham Goyal',	'shubham.goyal@nangia.com',	'shubham.goyal@nangia.com',	'nangia-2016',	'',	'',	'Audit',	1,	0,	0,	1,	0,	0,	1,	0,	0,	0,	0,	15,	15,	4,	0,	0),
(319,	'2019-07-09 08:26:43',	'1',	2,	'Arushi Maggo',	'arushi.maggo@nangia.com',	'arushi.maggo@nangia.com',	'nangia-2016',	'',	'',	'Indirect Taxation',	1,	0,	0,	1,	0,	0,	1,	0,	0,	0,	0,	15,	15,	221,	0,	0),
(320,	'2019-07-09 08:28:08',	'1',	2,	'Karan Sharma',	'karan.sharma@nangia.com',	'karan.sharma@nangia.com',	'nangia-2016',	'',	'',	'Regulatory',	1,	0,	0,	1,	0,	0,	1,	0,	0,	0,	0,	15,	15,	15,	0,	0),
(321,	'2019-07-09 08:47:37',	'1',	2,	'Anmol Garg',	'anmol.garg@nangia.com',	'anmol.garg@nangia.com',	'nangia-2016',	'',	'',	'Audit',	1,	0,	0,	1,	0,	0,	1,	0,	0,	0,	0,	15,	15,	10,	0,	0),
(322,	'2019-07-09 08:57:20',	'1',	2,	'Apoorv Gupta',	'apoorv.gupta@nangia.com',	'apoorv.gupta@nangia.com',	'nangia-2016',	'',	'',	'Direct Taxtion',	1,	0,	0,	1,	0,	0,	1,	0,	0,	0,	0,	15,	15,	2,	0,	0),
(323,	'2019-07-09 08:49:51',	'1',	2,	'Abhinav Gupta',	'abhinav.gupta@nangia.com',	'abhinav.gupta@nangia.com',	'nangia-2016',	'',	'',	'Transfer Pricing',	1,	0,	0,	1,	0,	0,	1,	0,	0,	0,	0,	15,	15,	6,	0,	0),
(324,	'2019-07-09 08:52:53',	'1',	2,	'Kajal Singh',	'kajal.singh@nangia.com',	'kajal.singh@nangia.com',	'nangia-2016',	'',	'',	'Investment Banking',	1,	0,	0,	1,	0,	0,	1,	0,	0,	0,	0,	15,	15,	3,	0,	0),
(325,	'2019-07-09 08:49:47',	'1',	2,	'Akhil Chandel',	'akhil.chandel@nangia.com',	'akhil.chandel@nangia.com',	'nangia-2016',	'',	'',	'Transfer Pricing',	1,	0,	0,	1,	0,	0,	1,	0,	0,	0,	0,	15,	15,	6,	0,	0),
(326,	'2019-07-09 08:26:49',	'1',	2,	'Bhumika Sachdeva',	'bhumika.sachdeva@nangia.com',	'bhumika.sachdeva@nangia.com',	'nangia-2016',	'',	'',	'Indirect Taxation',	1,	0,	0,	1,	0,	0,	1,	0,	0,	0,	0,	15,	15,	221,	0,	0),
(327,	'2019-07-09 08:49:43',	'1',	2,	'Neha Goel',	'neha.goel@nangia.com',	'neha.goel@nangia.com',	'nangia-2016',	'',	'',	'Transfer Pricing',	1,	0,	0,	1,	0,	0,	1,	0,	0,	0,	0,	15,	15,	6,	0,	0),
(328,	'2019-07-09 08:57:16',	'1',	2,	'Jatin Garg',	'jatin.garg@nangia.com',	'jatin.garg@nangia.com',	'nangia-2016',	'',	'',	'Direct Taxation',	1,	0,	0,	1,	0,	0,	1,	0,	0,	0,	0,	15,	15,	2,	0,	0),
(329,	'2019-07-09 08:47:33',	'1',	2,	'Roopali Gautam',	'roopali.gautam@nangia.com',	'roopali.gautam@nangia.com',	'nangia-2016',	'',	'',	'Audit',	1,	0,	0,	1,	0,	0,	1,	0,	0,	0,	0,	15,	15,	10,	0,	0),
(330,	'2019-07-09 08:46:52',	'1',	2,	'Sahil Singh',	'sahil.singh@nangia.com',	'sahil.singh@nangia.com',	'nangia-2016',	'',	'',	'M & A Tax',	1,	0,	0,	1,	0,	0,	1,	0,	0,	0,	0,	15,	15,	13,	0,	0),
(331,	'2019-07-09 08:56:01',	'1',	2,	'Simranjeet Kalra',	'simranjeet.kalra@nangia.com',	'simranjeet.kalra@nangia.com',	'nangia-2016',	'',	'',	'Audit',	1,	0,	0,	1,	0,	0,	1,	0,	0,	0,	0,	15,	15,	4,	0,	0),
(332,	'2019-07-09 08:52:57',	'1',	2,	'Sungjun Park',	'sungjun.park@nangia.com',	'sungjun.park@nangia.com',	'nangia-2016',	'',	'',	'Korea Business Desk',	1,	0,	0,	1,	0,	0,	1,	0,	0,	0,	0,	15,	15,	3,	0,	0),
(333,	'2019-07-09 08:26:55',	'1',	2,	'Tanvi Chhabra',	'tanvi.chhabra@nangia.com',	'tanvi.chhabra@nangia.com',	'nangia-2016',	'',	'',	'Indirect Taxation',	1,	0,	0,	1,	0,	0,	1,	0,	0,	0,	0,	15,	15,	221,	0,	0),
(335,	'2019-07-11 13:51:01',	'1',	3,	'Neha Malhotra',	'neha.malhotra@nangia.com',	'neha.malhotra@nangia.com',	'nangia-2013',	'',	'',	'Knowledge Management',	1,	0,	0,	1,	0,	0,	1,	0,	0,	0,	0,	15,	15,	0,	1,	0),
(336,	'2019-07-12 13:51:02',	'1',	4,	'Prasenjit Gautam',	'prasenjit.gautam@nangia.com',	'prasenjit.gautam@nangia.com',	'nangia-007',	'',	'',	'IT',	1,	0,	0,	1,	0,	0,	1,	0,	0,	0,	0,	15,	15,	0,	1,	0),
(338,	'2019-07-17 13:51:02',	'1',	3,	'yogesh',	'yogesh@abacusdesk.co.in',	'yogesh@abacusdesk.co.in',	'nangia-2013',	'9818081065',	'',	'Software Develpment',	1,	0,	0,	1,	0,	0,	1,	0,	0,	0,	0,	15,	15,	0,	0,	0),
(339,	'2019-07-18 13:51:02',	'1',	2,	'vinay',	'vinay@gmail.com',	'vinay@gmail.com',	'nangia-2016',	'9999999999',	'',	'CRM Support',	1,	0,	0,	1,	0,	0,	1,	0,	0,	0,	0,	15,	15,	338,	1,	0);

DROP TABLE IF EXISTS `ng_users_downloads`;
CREATE TABLE `ng_users_downloads` (
  `id` int(11) NOT NULL AUTO_INCREMENT,
  `date_created` timestamp NOT NULL DEFAULT CURRENT_TIMESTAMP ON UPDATE CURRENT_TIMESTAMP,
  `user_id` int(11) NOT NULL,
  `doc_id` int(11) NOT NULL,
  `knowledge_id` int(11) NOT NULL,
  `user_downloads` int(11) NOT NULL,
  `today_dwnlod` int(10) NOT NULL,
  `today_dwnlod_date` date NOT NULL,
  PRIMARY KEY (`id`)
) ENGINE=InnoDB DEFAULT CHARSET=latin1;

INSERT INTO `ng_users_downloads` (`id`, `date_created`, `user_id`, `doc_id`, `knowledge_id`, `user_downloads`, `today_dwnlod`, `today_dwnlod_date`) VALUES
(1,	'2019-06-19 06:57:44',	15,	6,	3,	1,	0,	'2019-05-18'),
(2,	'2019-06-19 06:57:44',	3,	8,	3,	1,	0,	'2019-05-18'),
(3,	'2019-06-19 06:57:44',	1,	11,	6,	2,	0,	'2019-05-30'),
(4,	'2019-06-19 06:57:44',	1,	8,	3,	1,	0,	'2019-05-31'),
(5,	'2019-06-19 06:57:44',	1,	6,	3,	2,	0,	'2019-06-15'),
(6,	'2019-07-11 13:51:01',	334,	6,	6,	8,	0,	'2019-07-11'),
(7,	'2019-07-11 13:51:01',	334,	7,	7,	1,	0,	'2019-07-11'),
(8,	'2019-07-11 13:51:01',	334,	8,	8,	1,	0,	'2019-07-11'),
(9,	'2019-07-11 13:51:01',	334,	9,	9,	1,	0,	'2019-07-11'),
(10,	'2019-07-17 13:51:02',	1,	12,	12,	2,	0,	'2019-07-17'),
(11,	'2019-07-12 13:51:02',	108,	12,	12,	1,	0,	'2019-07-12'),
(12,	'2019-07-15 13:51:01',	2,	5,	5,	1,	0,	'2019-07-15'),
(13,	'2019-07-15 13:51:01',	139,	2,	2,	3,	0,	'2019-07-15'),
(14,	'2019-07-15 13:51:01',	139,	5,	5,	1,	0,	'2019-07-15'),
(15,	'2019-07-15 13:51:01',	139,	4,	4,	1,	0,	'2019-07-15'),
(16,	'2019-07-15 13:51:01',	139,	3,	3,	1,	0,	'2019-07-15'),
(17,	'2019-07-15 13:51:01',	139,	1,	1,	1,	0,	'2019-07-15'),
(18,	'2019-07-17 13:51:02',	337,	13,	13,	1,	0,	'2019-07-17'),
(19,	'2019-07-18 13:51:02',	200,	5,	5,	1,	0,	'2019-07-18');

-- 2019-07-19 11:28:08
